numero_de_cliente	cluster2
4572841	1
4576124	2
4579001	3
4579372	4
4579843	5
4581794	2
4589554	4
4595212	6
4597311	7
4597851	5
4603880	5
4604458	7
4606365	7
4609795	4
4621140	7
4622475	7
4622484	7
4625139	1
4631780	7
4638387	6
4651751	7
4657425	2
4659863	1
4673774	2
4673799	1
4692840	1
4694128	1
4694618	7
4699139	7
4700691	3
4704480	4
4704876	1
4717992	7
4719233	7
4721102	4
4721391	3
4722798	1
4725123	7
4725525	5
4735110	6
4738500	7
4741079	7
4747868	2
4756580	1
4765260	1
4789670	5
4794191	7
4798734	3
4799227	7
4803286	1
4807320	4
4808124	5
4817467	1
4831425	6
4831686	7
4833329	7
4850900	4
4854626	3
4855075	7
4868323	1
4873988	5
4884942	7
4887154	4
4900924	1
4902504	7
4904015	7
4904298	7
4905689	1
4910574	7
4914926	7
4918102	1
4922340	7
4927178	7
4934111	1
4940897	7
4945245	7
4949068	4
4950476	7
4953068	7
4953655	6
4955198	7
4956024	1
4960997	7
4961625	4
4963815	7
4967183	7
4970425	7
4970613	3
4984207	7
4985712	7
4987330	7
4988181	7
4993651	3
4999610	7
5006996	7
5009641	7
5012302	4
5013795	7
5015174	1
5019113	7
5023232	4
5044353	7
5044362	6
5047268	4
5050284	7
5058986	4
5064644	7
5066316	7
5067714	7
5071547	4
5076020	7
5086155	4
5102837	1
5108818	1
5109839	7
5111574	7
5112161	7
5112554	1
5122349	7
5129575	5
5132877	1
5133251	7
5140740	7
5146863	7
5147008	1
5153467	1
5153941	7
5161167	1
5167937	4
5169680	5
5170010	7
5170114	7
5170925	4
5173202	7
5178609	7
5179287	3
5182954	7
5183447	7
5194348	7
5198957	7
5199513	1
5200248	7
5204546	6
5225485	7
5232189	1
5232723	2
5237900	4
5246737	7
5247221	2
5247909	7
5252829	3
5264183	7
5267393	7
5274352	1
5274698	7
5277318	7
5292237	7
5292523	7
5297066	7
5301376	5
5303073	1
5303682	1
5306399	7
5307018	1
5310722	1
5311715	4
5321969	2
5326851	7
5329273	7
5333226	7
5343907	1
5347422	7
5359228	5
5360900	7
5372313	5
5382008	1
5382684	7
5390217	4
5390626	3
5403845	5
5407590	7
5409745	1
5419905	6
5425777	7
5429745	1
5430574	1
5432186	7
5435817	5
5442531	4
5445431	7
5447071	7
5448855	7
5458145	5
5459103	1
5468917	7
5469486	7
5475992	7
5489605	1
5494832	7
5495281	2
5499856	7
5501800	7
5504471	4
5506268	6
5506334	7
5515262	7
5517094	7
5517367	1
5518275	3
5527345	7
5529610	3
5542474	7
5546848	7
5552455	7
5559119	7
5559392	7
5562370	7
5562402	7
5566919	2
5570997	6
5576397	7
5583397	3
5584248	1
5589137	7
5597562	7
5602809	1
5603503	3
5605482	7
5610147	7
5610490	7
5612742	4
5614448	7
5623512	7
5626732	1
5629493	5
5636009	7
5637690	7
5639223	1
5650504	1
5651855	1
5661019	1
5661811	7
5663705	1
5666483	7
5667353	4
5676821	7
5686014	7
5686881	7
5690220	1
5692438	1
5702639	6
5717753	7
5719051	1
5721030	7
5725623	7
5727583	1
5738981	5
5749659	1
5751478	7
5753206	1
5758044	7
5762797	7
5766269	4
5767042	7
5767667	7
5768245	1
5774192	3
5778135	7
5785455	1
5789617	1
5792504	7
5793896	6
5793940	7
5795288	4
5797019	7
5801932	5
5805900	7
5806104	1
5816748	6
5818818	7
5822120	7
5828117	1
5836245	5
5839722	7
5843807	7
5844897	7
5852132	3
5863495	7
5865917	4
5869442	7
5877265	7
5880111	1
5880284	3
5881858	3
5898502	1
5908674	5
5909513	7
5927436	1
5927445	1
5929409	7
5933106	7
5938438	7
5955358	7
5961996	7
5974475	1
5975087	5
5975772	4
5976520	1
6000798	1
6001247	2
6002592	1
6006626	7
6014829	1
6018495	7
6020286	7
6021903	7
6023606	7
6024200	7
6027681	6
6028290	3
6032123	5
6033889	5
6035271	4
6035327	7
6036923	7
6038579	7
6040159	5
6041309	3
6044218	7
6048899	7
6052151	1
6054237	1
6054419	7
6061729	5
6070020	7
6073730	7
6084151	4
6085009	7
6085285	7
6089225	7
6089498	7
6092991	4
6095300	4
6096205	5
6096435	4
6099793	7
6100239	3
6103246	5
6116371	7
6116808	1
6119290	1
6120581	7
6121011	6
6123342	2
6123562	7
6127119	7
6134209	7
6137970	4
6143065	6
6144378	7
6154469	5
6154482	7
6158157	7
6158977	6
6168698	1
6176988	1
6178301	4
6184497	7
6186715	7
6191138	1
6200139	7
6202215	7
6203868	2
6205919	1
6206133	7
6210889	1
6211395	7
6217804	7
6220267	4
6222004	7
6222284	7
6222491	1
6227964	7
6229717	5
6230807	5
6236286	3
6236983	7
6239804	5
6241268	7
6242176	2
6244159	7
6244799	7
6244982	7
6250778	7
6252232	5
6260881	7
6263074	5
6264199	7
6268449	7
6272973	5
6278851	4
6279489	6
6281452	5
6281914	6
6292316	5
6293544	5
6294924	5
6295919	1
6297079	1
6304644	7
6310921	7
6314317	7
6314964	4
6318806	6
6331602	1
6336562	5
6342283	7
6347837	5
6372700	7
6376121	7
6378782	1
6379731	7
6385926	4
6391713	7
6394239	4
6398373	2
6399347	7
6399944	7
6402668	7
6405932	4
6409227	3
6410075	7
6422758	7
6426182	7
6426566	4
6429736	7
6435504	5
6439770	6
6446000	1
6450153	3
6463517	4
6468434	5
6473608	4
6475590	1
6477359	1
6480369	7
6488395	7
6490557	5
6490610	7
6490946	5
6491867	3
6494886	5
6495920	7
6496444	2
6506469	1
6510032	6
6510217	6
6510613	4
6513575	7
6514059	7
6516283	7
6530710	7
6531404	5
6543681	7
6550300	4
6552006	1
6554407	2
6562063	7
6566731	7
6568377	1
6569756	5
6569781	7
6576649	7
6577240	7
6589077	7
6591085	7
6591678	7
6603268	6
6606940	2
6608464	1
6614172	3
6622614	7
6625875	7
6652233	7
6653068	4
6654212	7
6654435	7
6656386	4
6659285	6
6661334	2
6673938	7
6674638	7
6677482	2
6679492	1
6684619	7
6697647	5
6700465	5
6701348	7
6708759	7
6715580	7
6716393	7
6719544	1
6722413	7
6732736	1
6733235	1
6737276	1
6737587	5
6737857	4
6742852	1
6745378	1
6745748	7
6752358	6
6757994	5
6768858	5
6778028	7
6783777	3
6796535	7
6796557	3
6797167	7
6797453	5
6814169	1
6824835	7
6827402	5
6850059	7
6852638	5
6866580	7
6870357	4
6870821	1
6874629	5
6879558	3
6885131	7
6885144	5
6889055	7
6903610	5
6903799	7
6916525	4
6917166	7
6924153	4
6929082	7
6942277	7
6950649	4
6960878	5
6973156	1
6977466	1
6980435	7
6990783	1
7015432	7
7017587	7
7017650	3
7024738	7
7024860	7
7026029	4
7034709	5
7035617	7
7036456	7
7040643	5
7041196	7
7048585	7
7052274	5
7054645	3
7057046	1
7066599	5
7067674	7
7072842	7
7077918	7
7083375	6
7084343	1
7084739	4
7091971	7
7096535	4
7097321	7
7106290	4
7107635	7
7108580	7
7113811	1
7118734	6
7124464	7
7124719	1
7128976	1
7135988	7
7136512	5
7138328	7
7140053	4
7140826	1
7152387	4
7156084	7
7160847	7
7168208	5
7170297	4
7170715	7
7177032	7
7183620	5
7184173	7
7187865	7
7188305	3
7192414	2
7196036	7
7199800	4
7206105	1
7206626	7
7229893	6
7242456	7
7245079	5
7247919	7
7256776	7
7264771	7
7267115	5
7268497	1
7278449	2
7279474	7
7286492	1
7288550	7
7299134	1
7303328	7
7304650	1
7308913	1
7310654	6
7319058	2
7334477	7
7335746	7
7345152	7
7346179	7
7350998	7
7355799	5
7361953	7
7366961	2
7367909	7
7370030	5
7382876	5
7385612	1
7385782	7
7388465	1
7389621	7
7392282	7
7400469	7
7411631	7
7413569	7
7414908	7
7425953	1
7426117	4
7433826	7
7449531	7
7451642	7
7455695	1
7456788	1
7467548	2
7469826	2
7472223	7
7477941	3
7480934	7
7490199	7
7493545	2
7499319	5
7501719	1
7503117	7
7505715	1
7507547	4
7511053	7
7523412	4
7527791	5
7533327	7
7536883	5
7542130	1
7543402	4
7543930	1
7547128	7
7551093	7
7561953	5
7565754	6
7589926	7
7594057	7
7594588	1
7600280	7
7611518	7
7615637	1
7626076	7
7629343	7
7635692	1
7640820	1
7642862	4
7646342	1
7653339	7
7653813	3
7655817	7
7665346	1
7669732	5
7675616	6
7679662	5
7685628	3
7694783	4
7697082	7
7701569	7
7707808	7
7708160	7
7717732	1
7736151	4
7739214	7
7743930	5
7745196	7
7758073	7
7758639	1
7759471	7
7768057	2
7768733	4
7768799	7
7774064	3
7774739	4
7781588	1
7783046	6
7783486	6
7797054	7
7805071	7
7810601	7
7814487	4
7816689	5
7818247	2
7822441	7
7829692	7
7830745	5
7833933	4
7835966	7
7841068	5
7849930	7
7856314	2
7862676	3
7866687	7
7869273	1
7870809	7
7883099	3
7886090	7
7887538	1
7890224	1
7894101	7
7896407	7
7905348	7
7911911	7
7913306	1
7923751	1
7926192	7
7926635	5
7931100	1
7940911	6
7946220	7
7960715	7
7964966	7
7965132	4
7966370	1
7967152	7
7974900	7
7976964	7
7978236	1
7978651	1
7981946	5
7983746	7
7985603	7
7994915	2
7995047	7
8003422	7
8006020	5
8013752	1
8018046	7
8019246	7
8020409	7
8030342	1
8036283	3
8036846	7
8045183	1
8050263	3
8051969	7
8053044	2
8063794	4
8070439	7
8071749	7
8073062	3
8075921	7
8082967	2
8087579	4
8093181	4
8095722	1
8111160	6
8113431	7
8133874	7
8137797	1
8140992	1
8144879	7
8149022	7
8150895	7
8154074	7
8172902	4
8177253	5
8177806	1
8178308	7
8179578	7
8186992	7
8190561	5
8199671	7
8205951	7
8207541	4
8230845	7
8233311	7
8235448	1
8242193	7
8243606	6
8243939	7
8246949	5
8247103	7
8255306	7
8256556	7
8260254	7
8262547	4
8266285	4
8268802	7
8275286	3
8285594	7
8301057	4
8305427	7
8309938	7
8321719	7
8324779	7
8328599	7
8334634	1
8340424	6
8341514	7
8344357	7
8355648	4
8363907	7
8373587	7
8375767	1
8375852	2
8382647	1
8396159	4
8396910	7
8404110	5
8408119	7
8409583	7
8414638	7
8420359	4
8427770	3
8428087	5
8431888	2
8437452	4
8438489	7
8458469	7
8461737	7
8464708	7
8468123	7
8468362	7
8473533	5
8474708	7
8475428	5
8496467	6
8499370	7
8510271	7
8524779	7
8525473	1
8532928	1
8540097	7
8543597	3
8559380	3
8565287	5
8565312	7
8566725	7
8578896	7
8580153	7
8595173	1
8602741	2
8614459	7
8622743	4
8630848	1
8635690	1
8637000	3
8650527	1
8651844	7
8652108	7
8653345	1
8656968	5
8659314	2
8659704	7
8666301	7
8666659	7
8673580	1
8682481	7
8686257	5
8702847	4
8703297	7
8707010	7
8708801	1
8711317	6
8720409	7
8720711	5
8723783	7
8726504	7
8727534	7
8727921	7
8735316	5
8742834	3
8747229	7
8756302	6
8764881	4
8767329	7
8769609	4
8769974	3
8774089	7
8779763	5
8785732	7
8786263	7
8786819	7
8790234	1
8792188	4
8792311	6
8796753	6
8812222	5
8820632	7
8828854	1
8830739	6
8838413	7
8844015	5
8846786	7
8853641	2
8863644	1
8871755	7
8874061	4
8878133	5
8879260	7
8880778	2
8887130	3
8893187	4
8894139	7
8898072	7
8900356	7
8906240	7
8907623	7
8910937	7
8916165	7
8931408	7
8941445	7
8946594	7
8958573	7
8959195	1
8961300	1
8963320	7
8963719	7
8976612	7
8984717	7
8985867	7
8988827	6
8995141	6
8998804	7
9005235	6
9006300	4
9028068	1
9030547	1
9033824	7
9034524	7
9048401	1
9056383	4
9058881	2
9063018	5
9063716	5
9065177	1
9078305	2
9079232	1
9080181	7
9081463	1
9089411	4
9092172	7
9093608	7
9099756	1
9105176	7
9107098	7
9108905	7
9112800	7
9114544	6
9125285	6
9125665	6
9140760	5
9145561	7
9150716	7
9156506	7
9157829	7
9164074	4
9169229	5
9173951	6
9178755	4
9187542	7
9192581	5
9195349	7
9195971	7
9201566	7
9202446	7
9209979	7
9334845	7
9463235	4
9508826	1
9730667	7
9748712	7
10210143	3
10227833	4
10525182	1
10607281	2
10806599	7
10912553	1
11282796	1
11351175	4
11454311	7
11892880	3
11974147	1
12179802	7
12243771	2
12404649	4
12410147	1
12410345	6
12411689	5
12418060	7
12419260	7
12426310	1
12428811	7
12434726	7
12440843	7
12453221	7
12458581	7
12464920	1
12465932	7
12468973	7
12469322	7
12471580	4
12485325	2
12485664	6
12487631	7
12495300	4
12500417	4
12500961	1
12505236	6
12515578	4
12531764	5
12536291	3
12537061	7
12542185	7
12545901	7
12545980	4
12550576	7
12558172	7
12562677	5
12563987	7
12566105	1
12572897	7
12575605	7
12579692	7
12586450	4
12587556	7
12587775	7
12590493	4
12591982	7
12601083	1
12601360	7
12610948	1
12618183	6
12621648	7
12628858	7
12630250	7
12631783	2
12636875	5
12638437	7
12668549	7
12680298	4
12696079	7
12697024	7
12701237	7
12701997	1
12702572	7
12707313	7
12708937	4
12734965	7
12753199	5
12758270	4
12762344	1
12769096	7
12782702	1
12795262	5
12805984	7
12833404	4
12834774	1
12838192	7
12838669	6
12839207	1
12839829	5
12843818	1
12852753	1
12853658	7
12855178	4
12856913	7
12860818	1
12876211	5
12978109	1
12995381	6
13015733	3
13020860	5
13023219	4
13026904	4
13040997	7
13041198	4
13042474	7
13045948	7
13050761	6
13060422	7
13066454	7
13068427	1
13083883	4
13107630	4
13108963	7
13109481	7
13109625	7
13109723	5
13112902	7
13114643	6
13120857	2
13123923	2
13126555	2
13130011	7
13130539	5
13133404	7
13140347	2
13150975	7
13153856	7
13162109	5
13175743	7
13187081	4
13197926	5
13215230	7
13216386	1
13217790	4
13229571	5
13234526	7
13237648	4
13246043	7
13247422	7
13258433	7
13264877	1
13273563	7
13282551	7
13285372	4
13290135	7
13300556	7
13301922	7
13303185	7
13305812	1
13311994	1
13312575	7
13313128	1
13331158	1
13332477	7
13337133	7
13340730	7
13342842	7
13357604	3
13358443	7
13362869	5
13364977	7
13396629	5
13417184	4
13428711	6
13452584	1
13454974	6
13465439	7
13466451	5
13467060	7
13469639	5
13474204	7
13485328	4
13488294	7
13497565	7
13501511	7
13502362	7
13502456	2
13516810	7
13520543	7
13520583	4
13522204	6
13523040	7
13523681	1
13523800	7
13526414	1
13542411	7
13549904	7
13550413	7
13559888	7
13572539	6
13574408	4
13575379	3
13576158	1
13588269	6
13592661	1
13595558	3
13601583	1
13604345	7
13615321	7
13618953	3
13619402	1
13619892	7
13620822	1
13635289	1
13636417	1
13638076	4
13643778	7
13655194	7
13659159	6
13659552	1
13673598	1
13676950	7
13680051	1
13681706	1
13683830	5
13685099	7
13689309	7
13692611	5
13698470	5
13699183	1
13699689	3
13702494	3
13713867	4
13716930	7
13720408	4
13728792	7
13734460	7
13738538	7
13741013	1
13747510	7
13749514	4
13752006	7
13754466	7
13758050	5
13768556	7
13768989	7
13770566	7
13772068	5
13781609	4
13789365	4
13790258	7
13797333	7
13806739	4
13809202	4
13810364	7
13811859	2
13812076	5
13812475	4
13816210	1
13816990	3
13825437	7
13826549	7
13827759	7
13828516	7
13832544	7
13832763	4
13837096	6
13837749	3
13852945	7
13857761	7
13861412	7
13869570	7
13876315	1
13879130	5
13883934	7
13884157	1
13885322	7
13887936	7
13907285	6
13917065	1
13923150	7
13928890	6
13932151	6
13932691	7
13934821	7
13935073	1
13937941	7
13939744	2
13947105	7
13954180	7
13957475	3
14000716	3
14002651	6
14004894	6
14005407	7
14007125	7
14007653	7
14011988	2
14014310	6
14019839	7
14022541	7
14022817	4
14023653	1
14028167	1
14029870	3
14035227	7
14040256	4
14041503	7
14043473	2
14052138	1
14052606	7
14060918	1
14068750	2
14070909	7
14075627	5
14089953	5
14090943	4
14092784	7
14095353	1
14095768	7
14107439	1
14121573	7
14129025	4
14133939	7
14141284	2
14146753	1
14147133	4
14148503	7
14149392	7
14150520	7
14150938	1
14156696	5
14156756	5
14157827	6
14168383	7
14169866	5
14170067	7
14171126	7
14181499	7
14182178	7
14184418	1
14185256	5
14196048	6
14201800	4
14208432	1
14210364	2
14211724	7
14215318	6
14226462	5
14234284	6
14240586	7
14243508	3
14244108	7
14262238	7
14264063	4
14270095	4
14274434	7
14277823	5
14281185	7
14285212	1
14291637	3
14292627	7
14293607	4
14294219	6
14296186	7
14298772	7
14311008	7
14314992	5
14321960	1
14332845	7
14337922	1
14338865	7
14349292	5
14352263	5
14360344	7
14365838	7
14371795	7
14373711	7
14373724	5
14375835	7
14384267	7
14404822	4
14413327	1
14413848	7
14414935	1
14422035	7
14423025	3
14426754	7
14429220	7
14429226	4
14437869	7
14439050	7
14440737	7
14444224	7
14444463	7
14445776	1
14446731	1
14447542	7
14449684	7
14449706	7
14453586	7
14467111	1
14467239	7
14467387	3
14468176	7
14468952	7
14469677	7
14470086	5
14474789	7
14475194	7
14475791	7
14477965	5
14492988	7
14493271	2
14496098	3
14509560	6
14513151	7
14513553	1
14518171	1
14523970	3
14524203	7
14525723	1
14528535	7
14538082	1
14539634	2
14540932	7
14545032	6
14545996	7
14558506	7
14559593	1
14561591	1
14563193	7
14568097	6
14572087	6
14574600	3
14579972	7
14582511	7
14589199	7
14589692	4
14589944	1
14590852	7
14593466	1
14603340	7
14603503	6
14606029	4
14611567	7
14612824	7
14621454	7
14626914	7
14637140	4
14642544	5
14657318	4
14663061	3
14666869	5
14672847	7
14674107	7
14686774	5
14690726	7
14707298	3
14721963	5
14728168	7
14731048	5
14740458	7
14741249	7
14750316	7
14757532	7
14760272	7
14761927	5
14771019	6
14771635	2
14789049	7
14805985	4
14806202	7
14808146	7
14819063	7
14823298	4
14825067	1
14825428	2
14829088	7
14836345	7
14842556	3
14852650	5
14852791	7
14866982	4
14874123	7
14874176	7
14880007	2
14890478	1
14892605	5
14896852	2
14897465	7
14903855	1
14906965	4
14916823	4
14922770	7
14925158	7
14927816	6
14939254	3
14939264	1
14941991	5
14944570	1
14944944	7
14953278	4
14976297	7
14976859	7
14985040	7
14985181	7
14989473	7
14996463	1
15003795	7
15008753	7
15009519	7
15018278	7
15018897	5
15022670	5
15027612	7
15029817	7
15029940	7
15038783	5
15042446	3
15046153	7
15049977	1
15052845	1
15057121	7
15059398	3
15059725	7
15063127	1
15068223	7
15069222	2
15103830	1
15107653	7
15115133	1
15118206	7
15120772	7
15123232	7
15124684	7
15134376	4
15139402	7
15155751	2
15157058	7
15158355	5
15160466	7
15160674	1
15160840	7
15161641	5
15162238	7
15162669	3
15167303	3
15193968	1
15197179	7
15201072	7
15206095	5
15208241	4
15209362	3
15211165	5
15226632	7
15238670	5
15238680	6
15243185	1
15250750	7
15262402	7
15268496	5
15269244	1
15273394	7
15280846	1
15287139	6
15294971	1
15295882	7
15300468	7
15302093	1
15303736	4
15304339	7
15304508	7
15304964	1
15305928	7
15314885	4
15318080	7
15321533	6
15329227	7
15336223	3
15338142	3
15338293	7
15339983	1
15348400	3
15352550	7
15353253	7
15356612	4
15362009	7
15369967	5
15374381	7
15383843	6
15389558	7
15393931	6
15394986	7
15397622	1
15397691	1
15398426	4
15401043	1
15404493	4
15404886	7
15408102	4
15429798	3
15436732	6
15441592	7
15447332	4
15456458	7
15457815	7
15466002	7
15468889	7
15469232	5
15472926	5
15477670	7
15478006	5
15478129	4
15480284	7
15490406	2
15491317	6
15499705	7
15509494	7
15515155	1
15516846	5
15524034	1
15529211	1
15533066	7
15551419	6
15558802	6
15570114	7
15583626	1
15584421	4
15584933	7
15589152	7
15591264	7
15602536	4
15611731	1
15612218	4
15618420	6
15618432	1
15619692	7
15620367	1
15625824	7
15630681	7
15632453	4
15642135	5
15645981	7
15648726	7
15658010	7
15672386	1
15688527	7
15697880	7
15704685	5
15707653	5
15717933	7
15722906	2
15724637	4
15725155	6
15726170	6
15727332	7
15727615	6
15730065	7
15731787	7
15733248	5
15740737	1
15742164	7
15745711	7
15752060	7
15755603	7
15756515	7
15756741	5
15759951	3
15766021	1
15771572	3
15772191	4
15773803	5
15777733	7
15781069	7
15792454	1
15803170	7
15812403	4
15813626	7
15821649	4
15839581	4
15852751	7
15858830	5
15859169	2
15862069	2
15870787	4
15876640	7
15877548	6
15879791	3
15885282	4
15886014	1
15898100	7
15898530	5
15899042	6
15899429	6
15904248	1
15911568	7
15918470	7
15918957	7
15919255	7
15928416	7
15935017	7
15941476	4
15944269	7
15945013	5
15958572	1
15984861	3
15987516	7
15989127	1
15992260	7
15992602	7
15998106	3
15999077	4
15999240	7
16001163	4
16003265	6
16005643	4
16009023	3
16010270	3
16014125	1
16014590	5
16015011	1
16025982	1
16028859	6
16028966	7
16029406	1
16035579	5
16038953	7
16042632	3
16046810	3
16048240	7
16049961	1
16054246	1
16057303	3
16071742	7
16084861	1
16085386	7
16087500	4
16093959	6
16098898	6
16100707	5
16101882	4
16111219	7
16111295	7
16114326	7
16119811	7
16136374	6
16145045	6
16148117	7
16148438	7
16157303	5
16168186	7
16173457	1
16175261	7
16175964	1
16183815	1
16186335	4
16186960	4
16187865	4
16196680	3
16199196	6
16200004	5
16203221	7
16228784	2
16253398	7
16276580	6
16291748	5
16293174	7
16293853	1
16298257	4
16299517	6
16314907	7
16315002	7
16319422	2
16320996	7
16323572	1
16342673	7
16351265	7
16357259	1
16369307	5
16376395	4
16382401	5
16385530	4
16389863	7
16403130	2
16403796	4
16414270	7
16415570	1
16425177	7
16429183	7
16434533	7
16452864	1
16458682	7
16460872	6
16468151	7
16469241	6
16487877	1
16492222	1
16496488	1
16502335	7
16530242	3
16531112	4
16547602	1
16551504	2
16557800	3
16558029	3
16560131	1
16579540	6
16580507	7
16603277	7
16646232	5
16658673	4
16663759	4
16667008	7
16675082	7
16684905	5
16684946	6
16687500	5
16702407	1
16718056	1
16752930	1
16770284	2
16786985	1
16800497	7
16828294	7
16830710	7
16834982	5
16837427	6
16848608	3
16850392	6
16852365	7
16852959	7
16857803	3
16861501	7
16908408	7
16915172	1
16915662	5
16916249	1
16933412	4
16939616	2
16959650	3
16981472	1
17043879	1
17054096	5
17057765	4
17074164	7
17074359	1
17127282	7
17128759	5
17157819	3
17159251	7
17159584	7
17163172	6
17189646	5
17213214	1
17224867	1
17231037	4
17236022	4
17248916	7
17260134	4
17267498	7
17278808	6
17297403	7
17311314	1
17314314	6
17315077	7
17315495	1
17343113	5
17345846	7
17348743	7
17352346	5
17352940	7
17354583	7
17355343	4
17365318	5
17382986	7
17401789	7
17404204	1
17404676	7
17422319	2
17427540	7
17440251	7
17441046	2
17443873	7
17447031	5
17447310	6
17447398	7
17458981	7
17492185	7
17494516	4
17500435	7
17500460	6
17510667	7
17514079	7
17518090	7
17520676	5
17526585	7
17530917	6
17534669	7
17538859	7
17541414	3
17547043	5
17547131	5
17550838	6
17558890	3
17560458	1
17565296	4
17572214	7
17574322	4
17575792	7
17577514	1
17578299	5
17588547	7
17589505	4
17594400	4
17595424	5
17595816	6
17603897	7
17604189	6
17606913	5
17608204	2
17620544	7
17621612	6
17625580	3
17630041	2
17630968	1
17637619	7
17639956	7
17643327	7
17645674	7
17653700	7
17655962	2
17658614	7
17661715	5
17662679	6
17671365	7
17672663	7
17674897	7
17675126	7
17681849	7
17689207	1
17693517	7
17699077	4
17706674	5
17706847	5
17721037	6
17724490	5
17732674	7
17733971	7
17735077	7
17737738	1
17742849	6
17746465	1
17749513	4
17764168	4
17774617	7
17788911	2
17791682	5
17795568	1
17847288	1
17864957	7
17867093	7
17874699	2
17883439	5
17898694	7
17901160	7
17918794	7
17921471	4
17921659	4
17945611	5
17950056	7
17950100	7
17966694	7
17969311	3
17971296	1
17980737	7
17988610	7
17988933	7
17994186	4
17994290	7
17997048	7
18004644	7
18015797	7
18024135	6
18025935	2
18028492	1
18029246	5
18029670	7
18036711	3
18044719	1
18048913	5
18058099	7
18059242	5
18069481	1
18095113	6
18100165	1
18103096	7
18106479	7
18113758	1
18113962	7
18118731	6
18121326	1
18123073	5
18125257	7
18132049	7
18136824	1
18138234	4
18141244	1
18142780	7
18144706	5
18146783	7
18147307	7
18153716	6
18160681	1
18161639	1
18168912	7
18169829	5
18169924	5
18176069	6
18181105	7
18183722	7
18187564	1
18191243	5
18193448	1
18194092	7
18196527	4
18204497	3
18208839	7
18216721	4
18220883	5
18224792	7
18226171	1
18227245	6
18234370	7
18240961	7
18245667	7
18247270	7
18249905	7
18250471	4
18253066	4
18261438	1
18278692	4
18283558	1
18283715	6
18284092	7
18285993	7
18286518	5
18286797	7
18291280	5
18292672	7
18298289	7
18301368	1
18307406	5
18307576	5
18309677	4
18311031	4
18311641	4
18325266	1
18330512	7
18337854	7
18338828	3
18340632	4
18347600	4
18352193	7
18358297	4
18365635	5
18373700	4
18376097	1
18378755	7
18379257	5
18384840	5
18386797	1
18394259	7
18394309	4
18403580	3
18405003	5
18405342	5
18406731	5
18408380	7
18422461	3
18424116	1
18427013	5
18433701	7
18440858	7
18443494	7
18445203	7
18445397	4
18445448	4
18457653	7
18463769	7
18466927	4
18472927	7
18473980	7
18474489	1
18478727	7
18498047	7
18501952	5
18502336	2
18533758	7
18556374	7
18556726	6
18559255	5
18567747	2
18569855	7
18572167	4
18572556	2
18574328	7
18585296	7
18589125	7
18593957	3
18598305	7
18602709	7
18604324	7
18609652	7
18612398	7
18613190	7
18623548	6
18639589	7
18642727	7
18645165	7
18648954	4
18663015	7
18663305	7
18663616	5
18664586	5
18666977	7
18675038	5
18677614	7
18687357	1
18687664	7
18690451	4
18698336	5
18716812	4
18719156	6
18722473	7
18722696	1
18722907	4
18725147	4
18728964	7
18738979	7
18739183	3
18744012	7
18748184	7
18754282	6
18764872	7
18768545	6
18768595	7
18769292	3
18773015	7
18779446	7
18796241	3
18796800	5
18802000	6
18802213	7
18804196	1
18806203	7
18808342	1
18817742	1
18820227	2
18824654	4
18829740	2
18830560	2
18838709	5
18839413	7
18842020	7
18842746	7
18842897	7
18844628	5
18847166	3
18848190	7
18850613	7
18851627	1
18852975	7
18853361	7
18856368	5
18856450	4
18865617	5
18868300	4
18873838	3
18875180	7
18885239	4
18885343	4
18887664	7
18892364	5
18892418	3
18895682	6
18907287	5
18907921	1
18908751	5
18912395	7
18912665	7
18912901	5
18914381	1
18925134	4
18926956	7
18929162	7
18929303	7
18931370	7
18937148	7
18938188	4
18942661	4
18948586	5
18951561	7
18952356	4
18957515	5
18959758	7
18962233	4
18966679	7
18975670	7
18983766	7
18990552	7
18991617	7
18995908	7
19001956	5
19007117	5
19010699	7
19012719	4
19022122	7
19024804	7
19027481	7
19029617	7
19033120	7
19033378	1
19034584	4
19039648	7
19041697	6
19042002	1
19043035	7
19045759	1
19062723	1
19068388	7
19070392	7
19076867	2
19079550	5
19089213	7
19091240	4
19091714	7
19094598	5
19095500	1
19097221	7
19097378	1
19098585	7
19108895	7
19109989	6
19110067	6
19110576	7
19112354	2
19116445	7
19120478	6
19122486	4
19132080	1
19132388	7
19142501	4
19142680	7
19142740	6
19144047	7
19150829	7
19156293	7
19165227	7
19175123	7
19178004	2
19183496	7
19189653	1
19192160	1
19204004	1
19207849	7
19208924	7
19209876	7
19217463	1
19218144	7
19222363	7
19231333	7
19234682	3
19234848	1
19235266	7
19239089	5
19239545	5
19241188	5
19242187	4
19252410	7
19266267	1
19270857	5
19274231	4
19291054	7
19297017	7
19300187	7
19301817	5
19305996	1
19311280	5
19311418	4
19316856	7
19320372	6
19322810	7
19331037	4
19331782	4
19334267	7
19336227	5
19336542	7
19338499	7
19341725	7
19349259	5
19352768	7
19355102	4
19356384	7
19360879	3
19362453	4
19369748	1
19371727	4
19372148	6
19376226	7
19376792	1
19380521	6
19380668	7
19381702	7
19385802	7
19386631	3
19387137	4
19391155	1
19391180	7
19393722	4
19403907	1
19405682	1
19409043	7
19412364	7
19412524	1
19418279	6
19428320	7
19436771	1
19438782	6
19443921	5
19445128	7
19449642	1
19454791	7
19456186	7
19471027	3
19471369	7
19474539	3
19474803	7
19477888	1
19477985	7
19478020	7
19482566	4
19483047	1
19484891	1
19496716	7
19497030	4
19499939	7
19503668	6
19506373	7
19511893	4
19517504	3
19520067	7
19525053	7
19525417	4
19526002	4
19530639	2
19533730	6
19534305	3
19538379	7
19539121	7
19547540	4
19553123	4
19554084	7
19554493	3
19555536	7
19555693	4
19558746	7
19561407	3
19562303	7
19566877	7
19570876	7
19572896	7
19579098	6
19588145	7
19591111	7
19603498	7
19605063	1
19606392	7
19610680	7
19611993	7
19612914	1
19615528	1
19622587	4
19623328	6
19623846	7
19632313	7
19632382	6
19637060	6
19640026	3
19643368	1
19644738	2
19645093	6
19645571	2
19646042	3
19646058	7
19650365	5
19653984	7
19657383	1
19660955	5
19670000	7
19685375	6
19688419	3
19688494	4
19697463	6
19698054	3
19699719	7
19706320	5
19709185	1
19712380	6
19717532	1
19717947	5
19728735	4
19733903	6
19735496	1
19735577	7
19747116	1
19747682	5
19748078	1
19756475	4
19760471	7
19761065	4
19763427	1
19763644	1
19767317	7
19768928	6
19769343	7
19771866	7
19773034	7
19774275	5
19774655	7
19791089	3
19796772	7
19807224	7
19814170	7
19831119	1
19831192	7
19839206	3
19852001	7
19856654	2
19860075	1
19869953	7
19877439	5
19877970	7
19884558	1
19886945	4
19894303	5
19910554	2
19931810	7
19934019	7
19952124	7
19958790	7
19970135	1
19975055	7
19990078	3
19990301	6
19990492	7
19996279	4
19999141	7
20002493	1
20005038	7
20006926	3
20007008	7
20011777	7
20014535	7
20020784	1
20022901	7
20024308	3
20028022	1
20032995	7
20033171	6
20033941	7
20037007	7
20038719	7
20039014	4
20045640	6
20046309	1
20054245	5
20054842	7
20059293	7
20083147	3
20085356	7
20087756	3
20089386	4
20091064	3
20091504	6
20094410	5
20096634	6
20098497	7
20098708	7
20100382	2
20112923	7
20113973	7
20116473	7
20126171	7
20129278	7
20139410	1
20139611	4
20142505	1
20142740	7
20150387	7
20157119	7
20160085	7
20163977	7
20164486	7
20165221	7
20169265	7
20173776	5
20178608	7
20186631	4
20196427	7
20199166	6
20200263	7
20202101	5
20206694	6
20227192	1
20236388	4
20237327	7
20240645	7
20245800	7
20247723	7
20249890	7
20251568	7
20252108	1
20253821	5
20254898	3
20266902	7
20268837	4
20277329	5
20283578	1
20290178	5
20291724	7
20293791	7
20294278	1
20296716	3
20299342	7
20304472	1
20306706	1
20315324	7
20317739	4
20319508	7
20320815	4
20326388	2
20326577	7
20330830	6
20345866	7
20349218	7
20349837	5
20350186	7
20359516	4
20369924	1
20371410	1
20376610	5
20378881	4
20387596	6
20394674	4
20402886	4
20409113	4
20415625	4
20439511	5
20448288	4
20453004	7
20466846	4
20470006	1
20470242	1
20479855	7
20488714	3
20494152	1
20495921	7
20504846	6
20508227	1
20517608	1
20521475	7
20521811	3
20527774	7
20528839	7
20533611	7
20534629	5
20538301	5
20538974	7
20539011	6
20539743	7
20541506	5
20543171	7
20543667	7
20548072	2
20558659	7
20563434	4
20564738	4
20565419	7
20570220	1
20574976	7
20576428	7
20578510	7
20579685	5
20580201	5
20580465	7
20582218	4
20588319	7
20601039	4
20605952	1
20607551	5
20607878	1
20611679	7
20614252	7
20614274	4
20616100	4
20617249	3
20623237	7
20626388	1
20636435	1
20638487	1
20639696	3
20650067	7
20654528	1
20666965	6
20672667	6
20683088	5
20685557	1
20690213	7
20696883	1
20703053	5
20728145	7
20737865	3
20743900	7
20747657	5
20750337	7
20753255	7
20753708	5
20755954	7
20756325	7
20759080	7
20759683	6
20761339	2
20762762	5
20766064	7
20770104	4
20770635	7
20772636	2
20792660	7
20793584	7
20800608	3
20801092	7
20801253	1
20801626	7
20803392	7
20803423	4
20804997	1
20805758	2
20814293	7
20818242	7
20819989	1
20820806	7
20837390	3
20839878	1
20840529	7
20842681	1
20845637	7
20852809	7
20858078	3
20865595	7
20866673	2
20876849	7
20880879	3
20883559	6
20888460	4
20891203	3
20897527	5
20921491	6
20923178	7
20928302	7
20934249	1
20940768	5
20943897	7
20946793	2
20952624	5
20955209	1
20955699	4
20957101	7
20959846	7
20964408	2
20966689	1
20969369	1
20971191	7
20973453	7
20976450	4
20992004	7
20993279	7
20996499	6
20998199	4
21005751	6
21007196	4
21011497	4
21012679	6
21015723	4
21017586	5
21025342	7
21027073	5
21027878	5
21039762	7
21047802	3
21048446	7
21053472	1
21056359	2
21075422	2
21078677	7
21092076	4
21093644	1
21100461	2
21103876	7
21109009	7
21109650	7
21120778	4
21127805	6
21131867	5
21136699	2
21137459	4
21140149	7
21142373	4
21143893	7
21150547	3
21152558	4
21154148	7
21167810	7
21172937	1
21182620	6
21183088	7
21197225	5
21200034	5
21200097	3
21202019	7
21202478	3
21207929	7
21211532	1
21211837	6
21218161	1
21221035	7
21222286	2
21222606	7
21226370	7
21227516	7
21228676	7
21239988	3
21247415	7
21247990	7
21250098	7
21279415	7
21283581	6
21286867	7
21288815	5
21293141	4
21295240	5
21298950	2
21299588	5
21300382	7
21302519	3
21306480	6
21311095	7
21312365	4
21333627	6
21336816	7
21343708	6
21352146	7
21358339	7
21360371	7
21364641	1
21365753	2
21367138	5
21373054	7
21376532	1
21378614	6
21380097	4
21383999	7
21386286	7
21388806	1
21392736	1
21396518	1
21398033	5
21400018	4
21400229	7
21409298	4
21414793	4
21414931	3
21415811	3
21416945	1
21417328	3
21420482	6
21423288	7
21426329	7
21429593	5
21433523	2
21438795	7
21439514	5
21439869	6
21443375	7
21443752	6
21445094	3
21454716	7
21455301	7
21458800	7
21459397	1
21459614	6
21461260	7
21464876	5
21469469	6
21472297	2
21473195	7
21476745	7
21482369	7
21485561	7
21492701	7
21494250	6
21498595	1
21502710	1
21505912	1
21506581	7
21514240	4
21518538	4
21520055	5
21521039	7
21521808	4
21523260	7
21535735	7
21541987	7
21552269	4
21552847	1
21554676	5
21555568	6
21569972	7
21570277	7
21570625	1
21571804	1
21585146	1
21585818	5
21590257	2
21590628	7
21592224	1
21599374	7
21609854	1
21614737	5
21619279	4
21619945	3
21630646	5
21637758	4
21637799	7
21648367	1
21649109	5
21650739	3
21657151	7
21658709	3
21660079	4
21671147	4
21671690	1
21681030	3
21683628	7
21704118	6
21705152	7
21705167	7
21710894	5
21713376	4
21713650	1
21721208	4
21722396	6
21737457	1
21738452	7
21741003	7
21744258	7
21746743	5
21750086	1
21756652	5
21758326	7
21759460	7
21763510	7
21768671	5
21770877	1
21774147	4
21774219	7
21781395	5
21781706	7
21786484	7
21789375	5
21797235	5
21806056	4
21816113	1
21818415	7
21823379	3
21824328	7
21836103	7
21837821	7
21838572	5
21851867	4
21852866	1
21855863	7
21860158	3
21863997	7
21865395	4
21869231	7
21871298	1
21877989	7
21879167	1
21880148	4
21886192	7
21887518	7
21890411	2
21893311	7
21894059	4
21894329	7
21904636	1
21922672	2
21930372	7
21933812	7
21937359	7
21937664	4
21937827	4
21945838	4
21946687	4
21953689	5
21959193	3
21961009	6
21969812	4
21979394	7
21984367	7
21987907	5
21992805	7
21996349	4
22001913	5
22002940	5
22004589	7
22016364	7
22017046	7
22018874	3
22033944	6
22038789	6
22039712	1
22041512	6
22051792	7
22061754	6
22062850	3
22067490	2
22071779	7
22071895	7
22073843	4
22078985	7
22087791	7
22088633	7
22098834	4
22099208	7
22102714	5
22104388	7
22106499	7
22123316	4
22130809	7
22130900	7
22142065	7
22142775	7
22145650	7
22145816	5
22146438	5
22155285	5
22159061	7
22167657	6
22178772	5
22180902	3
22183930	1
22184945	5
22190144	7
22195133	6
22200483	7
22202023	3
22203879	6
22204071	1
22208617	5
22210351	3
22215927	4
22219069	5
22225302	7
22226116	3
22236938	7
22240460	1
22253070	4
22264358	6
22264751	1
22265373	7
22280707	7
22291046	4
22310599	7
22313072	3
22315940	7
22318789	7
22319484	2
22325905	2
22328871	7
22330061	7
22332945	7
22336769	7
22337432	5
22337551	4
22339694	7
22341167	7
22355169	4
22357833	7
22361656	7
22362847	7
22369608	5
22374480	2
22376526	5
22395796	1
22401203	7
22409930	7
22411787	3
22411947	7
22413923	4
22414476	3
22419163	3
22421196	6
22423514	6
22427253	7
22459630	1
22462046	7
22466429	5
22468125	7
22470434	7
22480625	2
22485988	7
22490955	5
22493148	6
22502968	7
22505673	6
22505727	2
22507015	6
22513977	1
22519933	1
22522914	7
22532163	5
22532647	7
22541711	7
22544538	3
22549235	1
22549722	7
22565147	4
22565725	4
22579944	1
22587512	7
22588187	5
22591502	7
22591580	7
22595567	7
22595950	7
22607386	5
22611049	7
22615491	1
22624306	2
22624545	5
22640127	3
22647686	7
22649894	7
22653284	5
22653297	7
22655238	6
22657444	5
22661446	4
22662602	7
22667509	4
22668251	5
22679425	4
22686711	7
22688238	5
22690025	1
22690641	1
22692102	7
22696258	7
22700094	7
22701850	4
22703575	7
22706531	4
22707285	4
22708042	1
22709104	2
22709494	7
22718017	7
22720112	4
22732591	7
22732898	5
22732983	7
22736332	4
22739782	5
22742056	6
22742238	5
22744874	7
22749379	4
22751010	7
22795796	7
22807235	1
22807998	5
22812513	7
22813116	7
22818589	3
22827894	1
22833370	4
22840353	1
22852634	3
22858235	3
22861697	7
22865260	7
22868254	7
22869438	6
22869897	5
22876281	4
22877754	7
22883133	7
22885891	7
22890094	1
22897524	3
22899965	1
22901052	5
22928167	4
22932016	7
22940024	7
22941299	7
22946853	1
22949913	1
22950824	7
22960177	2
22962398	4
22963557	2
22965797	5
22967613	7
22970971	2
22980280	7
22981072	5
22983940	7
22987694	7
22988250	7
22990415	3
22991031	1
22996268	6
22998564	7
23000226	5
23001206	5
23006534	7
23008545	1
23015667	7
23017662	4
23018293	5
23021875	7
23030586	7
23031463	5
23031837	7
23038161	7
23043143	7
23046712	7
23052222	5
23055289	7
23055493	7
23056008	2
23056080	1
23056665	7
23065577	7
23067478	7
23068364	4
23070544	4
23076067	7
23088765	4
23095966	7
23100210	3
23105240	7
23105281	7
23106512	7
23114753	7
23116289	6
23122993	4
23125173	4
23131212	7
23138572	7
23142433	7
23143841	7
23147796	6
23149433	7
23154582	7
23157981	7
23159030	6
23161826	6
23172304	1
23183827	4
23185885	7
23208444	3
23215265	2
23216129	6
23218058	2
23218831	7
23219883	7
23224803	7
23231334	7
23232141	7
23234796	7
23236552	6
23239524	6
23248707	1
23252672	7
23264930	5
23269237	5
23270538	7
23272533	7
23276827	7
23278577	7
23305074	1
23306380	7
23323251	7
23324787	1
23341108	6
23342047	7
23343963	7
23346134	7
23353972	4
23356904	7
23366187	6
23369586	7
23370035	6
23372674	1
23374578	5
23380054	5
23385247	4
23402230	3
23411159	7
23416110	7
23421099	7
23422610	4
23423125	7
23423430	7
23431824	4
23432305	3
23436823	7
23438063	5
23440746	7
23456615	1
23468820	7
23480321	6
23480491	7
23485156	7
23495756	7
23503412	7
23503503	7
23503990	2
23505969	5
23516255	7
23518385	1
23527910	4
23531919	5
23548516	5
23549031	4
23553891	1
23556464	1
23556681	7
23564299	7
23566149	7
23567104	1
23567962	4
23573893	7
23576491	1
23578618	4
23579347	5
23585322	7
23590893	7
23596170	6
23611853	7
23616726	7
23616804	7
23618630	5
23626408	7
23630816	6
23636241	3
23698385	4
23700559	7
23701329	3
23703528	5
23717436	4
23741526	1
23745468	7
23753803	7
23759832	4
23765304	7
23767745	7
23770566	7
23773893	1
23778892	7
23786626	7
23788354	6
23789212	7
23791518	5
23799058	4
23806629	7
23814222	7
23817452	5
23823603	6
23824596	7
23830379	2
23835164	5
23835305	4
23840329	4
23850702	7
23852421	4
23854909	7
23860168	7
23862621	3
23863828	7
23866124	5
23874377	4
23876240	7
23895049	4
23895206	2
23908363	7
23910590	3
23910999	7
23917873	7
23918583	7
23922302	3
23922984	6
23925032	7
23934938	2
23943420	4
23945798	7
23949556	3
23950347	4
23951038	7
23951463	7
23959860	7
23961553	7
23968616	7
23982068	6
23989953	7
23990418	1
23997459	5
24009051	5
24027941	6
24031033	1
24032849	7
24040150	6
24040234	7
24041981	5
24049417	7
24053476	7
24055248	4
24055459	2
24060388	7
24060859	4
24070639	7
24075163	7
24079372	7
24083780	7
24085106	4
24085257	1
24090381	4
24093975	7
24107242	4
24108687	7
24113741	1
24114257	6
24115177	7
24121127	2
24122704	1
24123386	7
24128340	5
24135032	3
24139876	7
24144268	2
24148104	7
24152386	7
24154771	7
24162753	7
24167453	4
24172609	4
24174365	5
24181776	4
24182128	7
24191015	5
24215963	1
24217097	7
24217169	7
24228205	1
24231454	1
24232563	4
24237819	6
24243898	7
24246989	3
24276256	7
24276580	3
24284547	7
24284613	5
24295046	3
24314103	4
24315702	7
24316701	7
24324822	6
24335902	7
24342830	7
24353200	1
24356844	4
24367984	6
24372917	7
24387073	4
24389316	4
24393579	7
24395530	7
24397003	5
24397324	5
24410022	7
24423349	5
24429346	4
24433062	2
24434284	7
24439807	2
24442145	4
24445088	4
24446461	7
24448846	7
24450018	1
24458710	3
24466875	2
24482791	5
24484933	7
24486281	6
24497946	5
24511659	7
24533471	4
24549201	7
24558242	1
24573369	7
24580595	7
24601483	7
24605404	1
24614279	4
24616205	1
24618435	4
24619704	7
24625931	6
24636144	5
24645211	7
24658440	2
24666414	6
24666674	7
24688050	3
24688197	7
24688254	7
24689793	1
24695272	7
24696020	7
24696497	4
24707352	1
24710738	1
24714656	5
24717040	6
24722947	1
24736807	7
24738300	1
24745459	7
24746612	1
24747401	2
24754633	1
24774296	7
24784192	1
24792577	7
24799652	7
24802793	7
24803324	1
24808344	2
24809856	7
24815155	1
24820958	6
24825862	5
24825890	4
24827703	1
24829079	7
24852669	7
24856024	7
24857350	7
24857664	5
24875622	7
24878603	6
24898071	7
24920056	5
24927533	6
24941872	5
24942811	5
24959351	7
24967680	6
24971984	7
24982392	7
25000745	7
25004801	6
25005197	1
25012667	6
25018702	7
25028602	7
25029864	7
25034866	3
25037062	1
25043499	4
25044341	7
25047894	7
25048438	1
25052204	1
25052503	5
25056634	6
25056870	4
25061984	6
25080230	7
25084503	7
25089307	1
25090943	7
25094635	7
25095678	4
25100465	7
25101455	1
25108929	5
25109529	7
25112733	5
25116117	1
25116987	1
25120634	4
25127138	7
25135507	7
25147558	7
25149389	7
25156992	7
25157287	4
25160391	6
25161023	7
25166854	7
25169203	7
25181732	7
25185433	5
25195015	2
25199152	7
25203403	7
25203965	2
25204286	7
25206098	3
25206833	7
25208056	4
25214562	3
25215470	5
25215881	5
25217220	7
25217304	7
25220977	7
25228501	7
25231627	4
25231891	4
25232491	5
25232880	7
25241875	3
25245660	7
25246326	7
25249170	3
25249873	4
25250489	6
25257064	7
25257847	7
25259314	1
25259920	7
25267155	1
25267595	4
25280551	6
25304700	4
25310412	5
25313563	7
25321319	7
25323110	7
25328985	3
25339340	1
25359081	4
25359446	7
25369263	5
25369885	7
25371107	4
25375870	1
25378254	1
25379090	2
25387971	2
25388546	1
25404600	1
25406475	7
25413038	3
25415174	7
25419937	1
25428090	7
25432026	7
25437631	7
25441938	7
25442283	4
25442478	2
25450043	3
25465270	5
25480341	4
25488392	6
25496027	3
25521470	1
25530999	5
25535120	7
25539418	7
25543851	4
25548551	6
25554334	1
25568534	4
25574331	7
25594333	6
25595659	6
25597874	5
25600890	6
25602693	4
25609960	6
25618589	4
25632155	7
25632959	1
25634175	2
25645670	3
25653778	7
25667410	5
25671133	7
25672882	7
25673834	3
25679467	7
25681409	1
25689860	7
25691801	1
25692288	4
25693655	3
25694783	7
25699910	7
25704521	4
25706215	3
25714732	6
25718897	1
25721307	6
25728957	2
25730751	4
25733289	7
25735526	4
25740320	3
25741460	2
25743377	7
25744231	7
25746016	7
25759889	6
25760332	5
25762635	7
25766788	7
25767960	7
25770083	7
25771299	4
25773275	4
25776882	4
25777519	1
25788471	2
25791581	7
25816293	7
25826616	7
25839315	2
25846160	7
25853870	3
25858494	7
25870979	5
25873451	4
25878782	1
25887161	2
25899344	7
25900934	5
25908558	5
25911279	7
25916516	7
25927920	7
25933358	6
25942123	7
25956198	5
25956769	4
25958761	1
25961947	7
25972597	7
25988559	7
26000852	7
26006067	7
26016516	7
26017977	5
26031071	1
26031392	7
26040075	6
26048146	3
26050257	7
26050769	7
26088270	4
26096746	7
26106196	7
26106843	1
26108716	7
26109014	1
26111798	7
26115027	7
26116023	7
26117836	5
26127810	7
26140414	7
26158934	4
26160835	3
26164623	7
26165308	2
26182216	4
26183121	7
26183834	7
26184654	3
26186781	7
26196055	3
26196900	1
26215803	6
26219837	3
26248840	7
26254872	7
26265805	6
26270690	3
26271205	7
26280046	1
26283614	4
26291038	4
26336362	5
26349104	7
26363640	1
26375223	1
26376822	7
26401723	7
26406045	4
26408785	7
26419868	3
26420613	7
26433000	3
26436063	7
26437813	4
26445378	7
26447112	3
26454596	4
26456713	4
26465478	2
26475594	7
26482653	7
26484573	5
26491255	7
26493221	7
26496916	5
26499787	7
26537603	5
26553025	5
26561099	7
26582823	7
26587887	7
26607764	7
26627364	1
26635580	4
26635941	7
26643748	1
26650452	4
26652224	7
26658133	4
26672104	7
26672311	7
26679386	1
26685547	5
26691054	7
26693759	4
26697101	7
26701628	7
26708191	1
26711330	7
26711672	6
26711820	7
26717446	4
26718857	7
26732391	5
26735064	6
26735303	4
26743556	5
26759694	1
26764055	7
26764190	2
26764331	7
26766059	3
26772201	1
26777451	4
26782377	7
26782440	5
26832749	1
26848507	7
26851605	7
26858322	7
26861696	5
26892175	5
26905043	5
26905150	2
26908034	7
26928253	7
26953267	7
26974030	4
26979722	7
27000551	5
27005442	7
27005854	7
27016004	7
27026155	7
27040399	4
27040892	5
27043443	5
27045501	1
27058196	7
27062472	7
27063106	7
27073216	1
27094946	7
27099002	7
27104553	3
27131942	4
27139287	7
27143798	7
27153688	4
27155262	4
27156176	5
27166930	7
27178032	4
27179320	7
27188720	1
27188955	7
27207811	4
27208182	1
27214110	5
27214983	3
27216686	7
27230506	2
27242391	6
27242859	7
27257285	2
27264266	4
27264420	3
27267282	7
27281079	1
27282946	4
27283253	6
27284205	4
27289285	1
27291324	1
27292722	2
27293498	1
27296699	7
27305640	7
27308119	6
27311132	5
27312832	7
27314368	7
27314993	4
27315951	7
27325310	1
27329592	7
27329840	7
27345529	7
27356622	3
27359022	4
27365145	7
27366292	7
27370078	7
27378236	7
27378808	7
27379295	7
27388352	1
27390495	7
27392267	7
27395493	4
27396919	1
27403545	5
27405530	4
27407638	3
27424826	4
27429997	7
27435184	5
27439124	3
27439840	3
27448925	7
27451998	2
27461473	7
27480228	4
27488629	4
27491673	3
27495239	7
27499068	7
27499854	3
27505018	4
27511770	7
27513997	5
27520293	7
27528719	4
27529991	1
27536648	7
27541137	7
27549384	4
27551401	7
27574869	3
27577300	1
27580599	7
27597259	4
27599053	2
27599241	6
27601082	4
27609392	3
27613548	3
27613686	7
27614899	7
27624217	7
27627349	3
27628496	7
27641951	5
27643299	7
27648354	6
27658718	2
27661316	6
27677674	3
27679213	7
27691924	1
27692546	1
27694702	7
27697045	5
27701736	6
27702345	7
27703853	3
27707783	4
27710739	7
27711113	7
27719756	5
27720431	5
27731370	7
27731955	3
27740104	1
27742824	7
27743735	6
27744920	7
27746447	5
27757213	6
27763009	7
27767451	7
27774617	7
27777787	7
27787042	3
27788513	5
27793599	7
27796772	7
27799153	7
27802179	7
27807101	1
27810950	7
27811069	7
27822197	7
27823246	2
27826831	5
27832677	5
27836522	3
27836570	7
27839758	6
27841455	1
27844417	2
27844436	7
27847911	5
27848369	3
27851344	4
27861256	6
27863091	4
27864294	1
27915866	7
27925401	5
27926840	4
27949158	1
27986116	4
28005528	4
28007416	5
28016847	7
28020698	5
28025367	6
28034179	7
28039275	4
28042005	7
28051599	4
28053540	3
28054342	5
28055209	1
28056343	7
28061530	6
28062258	4
28069151	4
28069764	1
28086298	4
28089439	7
28094846	7
28109772	6
28119753	3
28123824	7
28127236	1
28130704	5
28133240	5
28133601	1
28135809	7
28139158	1
28146946	4
28159466	1
28162846	4
28164502	1
28170700	5
28171074	6
28175557	4
28176848	7
28176930	7
28250251	4
28250339	7
28253220	7
28264159	7
28265852	5
28265966	5
28271385	3
28277395	7
28278177	3
28279408	4
28279663	1
28280728	4
28284649	7
28287495	7
28302298	2
28308066	7
28312062	7
28314748	7
28321242	7
28336699	7
28349667	7
28354895	7
28361869	4
28367430	7
28395716	7
28411600	7
28411776	3
28414487	2
28416825	3
28419360	7
28424698	1
28429218	5
28433073	7
28433259	1
28444835	7
28446818	1
28449601	1
28451756	7
28451872	3
28458859	7
28460879	7
28463242	7
28463726	7
28465067	7
28468193	7
28470031	1
28474193	4
28478802	7
28482572	7
28486298	7
28491733	7
28491871	4
28498770	2
28513256	7
28514506	7
28517444	7
28519024	5
28529319	7
28530441	7
28538156	2
28540798	7
28545819	2
28547509	3
28552265	4
28565513	5
28567524	5
28570804	7
28574728	4
28577809	7
28582139	5
28582472	4
28589220	1
28596709	6
28601610	7
28602072	5
28606819	3
28610074	1
28612405	7
28614824	2
28616093	4
28617086	1
28617899	5
28618638	1
28645734	7
28647920	7
28651382	7
28667163	7
28668444	7
28680643	4
28682770	3
28683779	7
28685550	7
28688742	7
28694495	4
28699590	5
28704962	7
28706932	5
28709050	7
28725197	3
28726416	6
28727560	7
28731697	7
28744317	4
28750867	7
28755165	7
28759312	7
28759924	5
28763035	7
28767090	7
28786810	1
28791516	4
28793260	4
28797536	6
28809018	7
28810818	7
28818644	7
28829127	3
28830158	5
28833413	7
28834735	7
28843020	7
28845702	2
28847324	6
28847553	3
28847854	5
28855479	7
28857502	4
28862045	6
28862827	6
28863770	3
28867439	5
28868881	7
28871200	7
28871859	7
28875004	5
28879135	5
28895104	7
28896304	4
28900592	6
28901657	7
28904469	7
28907699	1
28912662	7
28917240	7
28928804	3
28930384	6
28931788	5
28932319	7
28934380	1
28935671	7
28936774	7
28954961	7
28956488	4
28956836	7
28968014	7
28974326	7
28978856	1
28983414	1
28989927	4
29017975	7
29018873	7
29026064	7
29026624	5
29032941	1
29034716	5
29052165	7
29056931	1
29062212	4
29063613	4
29063867	6
29085199	7
29086041	1
29089223	1
29089732	7
29091765	5
29100913	3
29107561	3
29108157	2
29109417	1
29113171	7
29115751	7
29123448	4
29124236	1
29125003	1
29141499	7
29143397	7
29151405	7
29158288	7
29158762	7
29164222	7
29164653	6
29165953	7
29169717	6
29175639	4
29177539	6
29178938	6
29181397	2
29209499	5
29220768	7
29223683	7
29232866	7
29237556	7
29247484	4
29250380	3
29254546	7
29255049	7
29256001	7
29258564	4
29259623	7
29267135	1
29267207	4
29276852	7
29281140	7
29312132	1
29312729	5
29329750	5
29338395	3
29342834	7
29343676	1
29352774	7
29354336	4
29356921	1
29357867	6
29361854	7
29363798	7
29364778	1
29380785	1
29381328	4
29385086	7
29385145	7
29386031	1
29392874	7
29395497	7
29396078	2
29396267	7
29402383	7
29415383	7
29430821	3
29458213	7
29458715	2
29458844	1
29478479	5
29479710	5
29484008	7
29485799	7
29491994	4
29492192	7
29499116	1
29502632	2
29503828	7
29507630	7
29510592	4
29516637	7
29522178	7
29522980	1
29527481	5
29527661	5
29534038	5
29535690	3
29538634	6
29539878	1
29548128	1
29573883	7
29577260	7
29581335	5
29581957	7
29602299	5
29607466	7
29615239	1
29636089	1
29637176	2
29642787	5
29646780	6
29666830	7
29673123	1
29674228	6
29675658	3
29676811	7
29684878	5
29688824	4
29689550	1
29695368	7
29718980	7
29722769	3
29723193	1
29738006	4
29745857	4
29751339	7
29754122	4
29755552	7
29755759	2
29760299	7
29762312	6
29764879	7
29772554	3
29780009	3
29797819	2
29801177	1
29837067	7
29843249	7
29844192	4
29845690	4
29846570	7
29851421	4
29852903	7
29861348	6
29863905	5
29865156	7
29875378	7
29877892	4
29885102	2
29899063	5
29906599	2
29910891	5
29913143	3
29917146	6
29922973	2
29926809	5
29928145	1
29941773	7
29942838	2
29943300	7
29947054	7
29957229	1
29961763	7
29967751	4
29978105	7
29994394	3
29995730	7
30008968	5
30011218	2
30017372	7
30027394	5
30030554	2
30032109	1
30035072	4
30044424	7
30047428	1
30047959	7
30054025	6
30060073	4
30063952	7
30068957	6
30074844	6
30075906	7
30083622	2
30102255	7
30108839	3
30115660	7
30118572	4
30118629	7
30129351	1
30129800	3
30130391	7
30131465	1
30140909	7
30144314	7
30144569	4
30151037	1
30151333	7
30164326	7
30165746	6
30172818	3
30172975	7
30182004	3
30184524	1
30192535	5
30196053	7
30196870	4
30198177	4
30202393	7
30207850	7
30209110	7
30217661	7
30225927	5
30226423	5
30227494	2
30231761	7
30233787	4
30241597	7
30246994	7
30249159	4
30251810	7
30253799	4
30262033	7
30272193	7
30276742	1
30286252	7
30287992	1
30289905	1
30299091	7
30299415	7
30301915	1
30307338	7
30308990	4
30311837	7
30328047	5
30335992	6
30340149	7
30355005	7
30372633	6
30374138	4
30375733	2
30377037	1
30378743	7
30379805	5
30382255	5
30384580	7
30385513	7
30390512	1
30398988	4
30405764	6
30409524	7
30410747	2
30422254	7
30422911	1
30425609	7
30425942	6
30441716	5
30442448	4
30442891	1
30454242	7
30469909	7
30473669	6
30476902	4
30479503	3
30480000	7
30482023	1
30482702	4
30487445	2
30488479	3
30495532	4
30495658	1
30498230	1
30506150	7
30508626	2
30509107	6
30510005	4
30516995	7
30517523	4
30518334	7
30524601	7
30531085	7
30537909	2
30538264	5
30540944	1
30544054	7
30546840	6
30547026	5
30551458	4
30554817	1
30559099	4
30569334	7
30574040	7
30581762	3
30584530	4
30587043	7
30606012	7
30607303	6
30611479	2
30612958	4
30624340	7
30627089	7
30636322	7
30642364	3
30645160	7
30646856	7
30652282	6
30679054	7
30692890	5
30693034	4
30694278	6
30702644	4
30714592	6
30716750	7
30718450	3
30722116	3
30732395	1
30734359	7
30736992	1
30737881	1
30740312	5
30741889	3
30742678	4
30746165	3
30760045	7
30761150	7
30770305	7
30771885	7
30777609	4
30783528	6
30787034	7
30792569	7
30804463	1
30805786	1
30806729	7
30807313	7
30811598	1
30831186	1
30831261	7
30832540	6
30832873	4
30836269	3
30844390	4
30849445	4
30856953	1
30866375	4
30867330	1
30869026	6
30870305	5
30874402	6
30879689	1
30880685	1
30886902	7
30901947	7
30909509	7
30915610	6
30920131	6
30920338	5
30929973	2
30942078	6
30948930	4
30952282	2
30957468	7
30963541	5
30965385	7
30971577	1
30982692	7
30992010	1
30992909	7
31007998	6
31010307	7
31012198	6
31016656	5
31024774	3
31034114	1
31039071	7
31042750	7
31045562	1
31048779	7
31053262	7
31062932	3
31066083	7
31068904	7
31070324	3
31071144	7
31084813	4
31087455	7
31088024	7
31091483	7
31094985	7
31102968	1
31103754	5
31105777	7
31109877	2
31118739	7
31127435	5
31136373	7
31136385	7
31136659	1
31153818	7
31155662	7
31157915	2
31165753	1
31168514	5
31169011	3
31179887	7
31181169	6
31181816	6
31190003	7
31194558	4
31195334	3
31200797	5
31205683	7
31213364	4
31216672	1
31223335	7
31229917	6
31232628	5
31236323	7
31250076	7
31253472	1
31263676	3
31266193	7
31268951	7
31269557	1
31278835	7
31281499	5
31284917	7
31285869	7
31289249	7
31290744	5
31293270	7
31294046	7
31294310	7
31294781	7
31297562	1
31298875	5
31302726	7
31311381	6
31316895	7
31320649	7
31323803	2
31327887	7
31330039	2
31337394	6
31348270	3
31351958	1
31355009	1
31356080	7
31357038	7
31358728	7
31379444	3
31384194	7
31384866	7
31388743	5
31407216	4
31410866	7
31412038	3
31432041	1
31436615	7
31442238	7
31446379	7
31447416	6
31447441	7
31448415	7
31452301	7
31462737	7
31463036	2
31463526	3
31475200	7
31485278	7
31490477	7
31491081	7
31492984	6
31523206	7
31524030	3
31534566	7
31536778	5
31537579	3
31539031	3
31551914	1
31554324	2
31558044	7
31563255	1
31568939	3
31580151	7
31580189	7
31583007	7
31588938	7
31590418	4
31596761	1
31619455	5
31620363	6
31630705	1
31632339	1
31634054	1
31644789	7
31644931	5
31645207	7
31646932	4
31647061	1
31649307	3
31651578	6
31653130	7
31653868	4
31655078	7
31668433	5
31678539	7
31681596	3
31682099	3
31688168	3
31699120	3
31699742	7
31700194	1
31702010	7
31709248	5
31715111	7
31719826	4
31721636	4
31735019	7
31741016	5
31742191	5
31746470	5
31748518	4
31750630	4
31753611	7
31754701	7
31755229	7
31757189	2
31764939	7
31771546	7
31786497	7
31787619	6
31788058	5
31790119	7
31799874	4
31808108	7
31808545	3
31826141	7
31826232	7
31827941	6
31829383	3
31835412	6
31835471	6
31836075	4
31839559	6
31845213	4
31848346	6
31849348	6
31855037	2
31855942	4
31859743	5
31862370	2
31867095	2
31876808	1
31880459	4
31889211	7
31909047	2
31921149	7
31924454	3
31925585	7
31927605	7
31933143	7
31937334	5
31938585	1
31945163	7
31948943	7
31961798	6
31964333	3
31973554	4
31977478	1
31979868	7
31990691	4
31991395	7
31991439	5
31995231	7
32010012	3
32011115	1
32011592	7
32018299	6
32024608	7
32029037	4
32034567	7
32040664	1
32042876	7
32060083	7
32067789	7
32070114	3
32078888	7
32096180	7
32096192	1
32112783	7
32117655	7
32122277	7
32128629	4
32140573	7
32184166	1
32193861	4
32197863	6
32201184	7
32211435	3
32216047	7
32216104	7
32219811	1
32223172	7
32223687	7
32225365	7
32227256	5
32227646	7
32230128	7
32235390	7
32240511	5
32244123	5
32257346	7
32260824	7
32270871	4
32276510	7
32279482	2
32281226	1
32282482	2
32284452	4
32293604	5
32297948	1
32312453	3
32314002	7
32318476	6
32322277	7
32323483	3
32331202	3
32343184	5
32343329	5
32357563	1
32370334	3
32377924	4
32385269	7
32386667	6
32388451	5
32405429	7
32406380	7
32417096	7
32418683	7
32435952	6
32437479	7
32444026	7
32448355	5
32451896	2
32453485	4
32464333	7
32466646	1
32468458	7
32481087	7
32484851	5
32490537	3
32498935	5
32501216	5
32505042	3
32509924	7
32535091	3
32536841	7
32551158	4
32582831	4
32583667	4
32593277	5
32601033	7
32626132	7
32628752	5
32634231	7
32640285	5
32650008	6
32651205	5
32662049	6
32666470	1
32668232	3
32671380	5
32677500	5
32683811	7
32687314	6
32694411	1
32712186	4
32719883	6
32723304	7
32728576	1
32732779	7
32737661	1
32747934	3
32752377	4
32754862	1
32762034	5
32768480	4
32780821	7
32781958	7
32782800	1
32790349	1
32794461	7
32797223	7
32797411	4
32801027	5
32801307	4
32802180	5
32803173	5
32807788	7
32812859	4
32814074	4
32821906	7
32830005	7
32832321	7
32833464	1
32844570	7
32844589	7
32845377	7
32846232	7
32848038	3
32854573	4
32858452	7
32861286	5
32863225	7
32869300	1
32875552	4
32881537	7
32887264	7
32890823	6
32891263	2
32891270	7
32901693	1
32909406	5
32914247	4
32917957	7
32930989	1
32939788	6
32941268	7
32943275	3
32954061	7
32957812	4
32962581	4
32969951	1
32974682	4
32989784	7
32993111	6
32993315	6
32997374	4
33001499	7
33002466	7
33003666	7
33005111	7
33007562	7
33010455	1
33011533	1
33030982	5
33034646	1
33046339	5
33048110	7
33059593	7
33063316	7
33074867	7
33090214	1
33098633	4
33109199	7
33112702	7
33124998	3
33126056	7
33127222	7
33130320	7
33130719	2
33131947	4
33140005	7
33147683	7
33153919	1
33154940	7
33159285	3
33159455	7
33160652	7
33167271	7
33167532	5
33168839	1
33170746	5
33172495	7
33174101	4
33174255	7
33176256	4
33177695	3
33183014	4
33191750	1
33192655	7
33194025	1
33203139	1
33217926	7
33222293	7
33223220	7
33225208	2
33230505	7
33231903	2
33240291	7
33244061	6
33244604	7
33259596	5
33264186	5
33269806	3
33288207	7
33297053	7
33297091	7
33312592	7
33313440	7
33327527	3
33332874	7
33333970	5
33348148	1
33352801	3
33357922	7
33363042	6
33363269	1
33375389	1
33377126	7
33386922	3
33394851	5
33398379	1
33401367	1
33411140	5
33422327	7
33426587	7
33432494	3
33434212	5
33441208	2
33443348	7
33444903	5
33453021	4
33460181	3
33462543	7
33465210	5
33476630	2
33479775	7
33496296	7
33501646	7
33504807	1
33506723	1
33509321	7
33511379	4
33513069	7
33522554	5
33523393	1
33527715	1
33527854	6
33528058	6
33531353	7
33532340	7
33539666	7
33542660	1
33544828	2
33548048	4
33550467	7
33552820	7
33553420	1
33567463	3
33579724	4
33581104	5
33585320	3
33593353	2
33621360	5
33624998	4
33652424	3
33655537	7
33665609	7
33670322	5
33675709	7
33677937	3
33686416	6
33690330	7
33693538	7
33699557	7
33708329	5
33708341	1
33708693	7
33710091	7
33714505	7
33726022	7
33726682	4
33731432	4
33731916	4
33747577	7
33765801	7
33766844	7
33770648	7
33772467	4
33777865	7
33784622	4
33788043	7
33789036	7
33792241	3
33793032	7
33794770	5
33795816	4
33799212	5
33803224	1
33805319	7
33809387	5
33818982	7
33830314	7
33848965	7
33855968	7
33865232	4
33865713	7
33871478	1
33876677	7
33878603	7
33888609	7
33905872	7
33918463	1
33934479	2
33938111	7
33938837	6
33942321	7
33946364	5
33954548	7
33960162	3
33968845	7
33978631	5
33981330	4
33983598	6
33994933	4
33996212	7
33996636	1
33998269	2
33999875	4
34000186	7
34007349	7
34007433	7
34010019	5
34012966	2
34016613	5
34021178	6
34023465	7
34033062	7
34041212	5
34045208	4
34053329	7
34056527	4
34057583	7
34058431	7
34059172	1
34062034	5
34063391	7
34066561	5
34067029	7
34067918	5
34069238	4
34073033	5
34076841	1
34084732	3
34084958	1
34095521	7
34099344	7
34099765	4
34100371	7
34100952	7
34103503	7
34104543	1
34105951	7
34106482	7
34109466	7
34110804	2
34116610	7
34117722	7
34120308	5
34136515	7
34140470	7
34141727	7
34143370	7
34153294	5
34165474	7
34169131	7
34183994	4
34184811	5
34186108	4
34189121	3
34202517	1
34232397	4
34263457	6
34267959	7
34270548	3
34278452	3
34279084	1
34289699	1
34295068	4
34297852	7
34301355	1
34302269	7
34311769	3
34314631	5
34317584	2
34318137	7
34318259	7
34322428	6
34322661	5
34340659	7
34341598	7
34344385	3
34363992	7
34365060	5
34374673	6
34374858	5
34376382	3
34383008	7
34393937	1
34397311	7
34403601	7
34424703	1
34428071	7
34432664	4
34442792	5
34456964	7
34458243	3
34459977	7
34460743	7
34463520	7
34464529	1
34470426	3
34475930	7
34484886	1
34487689	7
34493218	3
34500506	7
34501289	7
34508740	5
34514411	7
34515498	6
34519837	7
34520374	7
34526415	7
34528916	4
34543505	3
34553939	7
34572339	4
34575688	7
34578214	6
34586539	7
34590943	6
34595084	7
34596482	4
34602715	2
34605916	6
34606560	2
34615109	5
34623437	7
34624719	6
34629824	7
34645393	4
34657617	3
34658048	7
34667501	2
34670554	7
34681443	5
34681980	5
34687042	4
34690199	7
34692448	1
34695816	7
34699017	6
34703026	5
34708964	7
34710547	7
34710968	5
34711643	7
34733547	4
34741479	5
34746647	1
34748695	7
34752669	6
34755010	4
34765487	7
34769081	7
34770834	3
34774805	7
34782248	7
34794346	7
34798876	3
34809315	3
34812360	1
34813795	7
34815448	6
34821649	2
34828665	3
34837370	4
34838212	7
34839289	5
34841470	7
34846735	7
34851457	7
34852607	1
34855641	3
34857168	6
34873018	7
34879929	2
34883765	7
34888531	6
34894384	2
34896488	3
34901326	3
34902775	7
34911797	7
34918646	7
34922149	7
34930151	7
34943245	3
34960470	7
34962069	7
34969336	7
34972330	5
34972729	1
34973982	7
34978880	7
34992411	2
35008602	7
35013246	4
35018894	7
35019186	7
35021728	5
35024794	2
35025972	1
35028894	6
35030879	1
35035237	4
35042422	4
35047712	7
35050587	7
35054655	7
35056279	7
35064875	4
35068158	7
35070866	5
35071236	6
35072088	7
35076590	7
35088151	1
35091745	5
35094572	1
35101609	6
35107270	2
35112052	6
35123343	1
35123880	7
35124970	1
35130930	7
35134005	7
35135529	4
35136468	7
35136588	7
35142752	5
35143763	1
35151303	7
35156015	5
35156559	7
35156986	2
35164953	7
35167363	4
35168864	7
35169003	4
35191010	2
35191566	4
35197641	7
35203994	1
35206218	1
35207783	4
35209426	4
35209683	6
35214603	4
35219579	6
35229711	5
35234794	2
35234995	7
35242211	5
35243063	4
35243666	6
35246795	7
35251155	7
35253706	7
35259512	7
35265465	7
35267306	7
35268714	7
35271145	3
35273489	4
35273838	4
35279376	5
35292763	2
35295405	7
35304892	7
35306912	3
35317434	6
35319337	3
35324169	7
35326525	1
35338284	7
35343330	7
35344706	7
35347549	7
35349748	7
35354724	7
35363606	4
35370724	7
35376533	4
35389690	1
35412297	7
35414625	3
35429595	7
35431414	7
35431700	7
35439745	7
35443964	7
35446160	7
35448567	6
35467002	7
35469848	1
35474642	4
35489819	1
35497173	7
35497560	7
35504729	3
35513613	1
35520267	4
35526550	5
35526770	5
35549487	7
35563423	7
35583237	7
35583624	4
35591132	5
35591770	1
35603846	1
35610927	7
35633424	5
35642708	7
35659437	7
35660847	5
35669936	6
35670932	1
35715495	5
35716460	1
35719787	5
35722828	5
35727553	4
35734794	7
35737895	7
35741712	7
35746113	7
35753848	6
35757781	1
35760854	4
35761809	7
35764297	7
35767445	3
35782999	7
35783215	7
35787394	7
35795769	7
35797255	7
35800516	4
35806781	7
35810783	6
35811172	7
35811926	7
35811961	7
35844401	7
35851649	7
35853304	7
35858111	5
35860574	1
35863637	2
35863694	6
35867712	5
35868045	1
35871890	3
35879578	4
35880878	6
35880947	3
35893441	7
35894227	7
35899944	4
35916636	7
35922771	4
35923557	7
35924816	1
35926968	7
35929661	4
35930434	7
35933305	7
35933801	7
35943283	4
35966417	1
35978937	7
35989568	7
35990152	3
35994139	5
35996482	1
36005800	5
36033638	3
36035712	3
36036164	5
36044907	7
36047009	7
36048542	7
36048573	7
36048784	7
36068679	3
36074479	3
36075654	4
36084984	7
36087739	4
36087985	3
36088707	5
36094478	6
36101776	3
36106752	3
36111842	7
36117094	7
36119341	7
36124339	7
36124446	1
36125090	7
36125740	3
36126632	1
36132721	1
36140129	7
36140942	3
36144744	3
36154413	7
36158482	7
36173982	5
36178604	5
36179851	7
36180621	2
36183674	7
36201980	2
36205521	4
36220651	7
36231125	5
36240594	5
36242221	2
36249274	2
36257945	4
36265101	5
36265362	7
36265566	7
36275556	7
36279725	4
36280960	5
36283250	3
36300564	3
36302062	7
36303630	7
36312253	6
36317918	7
36339211	5
36343672	5
36348567	7
36352315	2
36355554	7
36376951	3
36386546	4
36388349	3
36388937	3
36417999	5
36436425	7
36449601	7
36454593	7
36456107	6
36463138	3
36475921	7
36479892	3
36483894	5
36495977	4
36497629	1
36503143	7
36517512	7
36525379	4
36526755	5
36527785	1
36536849	4
36545535	7
36545969	2
36557621	4
36577457	5
36578626	7
36581095	3
36586260	1
36587152	2
36590567	4
36595078	4
36596624	7
36601029	3
36601817	7
36609040	7
36614544	7
36622467	3
36625128	7
36633472	7
36637037	7
36637487	4
36641090	2
36644521	7
36649133	6
36655086	7
36667875	1
36678089	1
36680410	7
36688651	7
36693800	5
36694739	7
36700441	2
36713702	7
36718574	4
36721553	7
36721854	2
36724543	3
36728458	7
36729765	4
36731565	5
36733029	6
36737339	7
36739890	5
36742224	4
36743330	7
36746051	1
36754901	5
36784406	7
36792644	7
36808575	1
36812948	5
36817236	7
36821992	3
36824782	7
36825354	7
36833315	3
36840616	7
36841357	7
36842152	1
36847524	5
36849711	6
36856076	7
36859365	7
36862148	1
36863056	3
36863936	3
36866528	7
36867473	7
36872990	3
36873279	1
36889229	7
36897724	6
36929759	2
36936083	4
36945002	7
36950330	4
36965453	3
36973091	4
36976069	7
36982465	1
36982958	7
36986342	2
36991745	7
36992392	5
37000023	6
37003743	4
37006002	3
37014019	7
37030663	2
37032005	6
37043198	4
37071328	4
37078598	2
37088261	1
37089933	4
37099502	6
37117990	1
37127949	2
37145966	7
37147487	1
37148643	3
37158149	7
37158272	4
37158721	7
37162079	4
37165167	7
37167078	4
37181843	2
37191547	7
37193077	7
37194972	7
37199012	7
37210271	7
37220142	1
37230305	4
37243145	7
37244502	7
37246987	5
37278211	7
37278215	7
37288497	3
37298365	3
37305037	5
37319567	5
37326413	7
37334575	3
37341276	1
37341489	7
37342674	5
37347823	5
37349315	5
37369286	4
37403520	7
37411745	7
37426020	7
37426259	7
37432589	7
37447386	1
37448307	1
37452020	1
37452199	2
37455903	4
37456198	3
37463411	7
37468831	7
37472676	4
37472971	2
37482930	2
37485613	7
37485930	7
37490677	7
37501155	7
37505261	7
37509838	1
37512361	4
37513979	7
37524877	2
37539718	7
37540343	7
37549460	7
37551781	7
37563851	7
37568441	6
37575481	4
37624085	7
37644980	4
37650616	1
37652906	5
37655190	4
37663745	1
37670087	3
37670907	7
37675089	7
37678554	7
37689386	4
37690970	1
37698506	1
37702383	7
37707548	7
37709609	4
37710702	7
37715257	1
37720595	3
37734964	5
37749284	5
37760358	7
37762815	3
37774954	7
37775730	4
37781177	7
37785060	4
37793247	4
37793637	5
37818166	7
37819344	7
37823576	6
37831694	3
37856450	7
37862199	4
37893938	5
37900863	3
37901730	5
37905009	7
37907419	4
37919646	7
37920994	1
37923909	4
37924613	7
37926991	4
37945156	7
37950691	4
37956447	3
37975042	7
37977313	7
37978023	4
37978444	5
37979126	7
37980093	5
37980251	1
37982641	7
37986154	5
37997975	7
37998447	4
38002053	1
38011704	5
38013822	1
38027060	7
38056833	2
38072890	4
38075761	1
38088108	6
38098384	1
38112402	7
38115396	4
38119203	7
38119279	1
38125332	5
38137302	7
38141078	7
38142530	4
38144927	3
38153516	7
38161627	2
38163899	6
38167647	3
38188475	7
38201456	7
38201547	3
38217934	1
38226448	3
38231506	7
38241490	7
38252507	6
38255250	2
38261423	3
38264046	5
38268555	7
38269887	7
38274096	5
38275906	2
38277395	7
38277492	2
38277502	7
38277656	7
38282783	3
38284112	3
38294752	5
38298817	1
38308723	5
38313718	3
38315628	1
38317010	7
38322455	3
38327528	5
38339611	4
38351084	2
38360289	4
38388504	7
38398290	4
38407573	7
38411155	3
38415622	1
38431091	1
38443428	7
38444999	4
38454091	5
38465523	7
38468866	7
38469506	5
38491881	7
38501833	7
38503806	5
38504884	4
38508311	7
38524971	7
38533121	4
38536199	4
38537629	7
38542574	4
38542696	7
38549023	2
38560537	7
38561175	7
38569117	4
38574511	7
38585403	3
38592101	7
38600102	1
38603794	7
38604476	1
38609502	3
38612012	4
38614032	2
38617372	4
38619769	5
38644135	5
38647632	3
38660707	4
38666946	1
38680383	4
38708974	2
38709361	7
38738549	7
38757160	1
38758583	7
38765375	7
38767606	4
38767995	7
38768790	2
38773113	6
38775677	4
38779117	7
38779346	7
38783484	7
38787172	6
38799503	7
38801585	4
38822486	5
38824535	7
38830865	6
38834324	7
38838647	7
38841330	4
38849573	2
38859102	5
38861219	4
38864581	4
38890103	7
38899854	3
38905340	7
38936344	7
38941729	5
38953497	2
38962674	1
38972029	1
38982796	7
39000055	7
39001362	6
39003794	6
39004036	5
39004378	3
39005352	3
39006643	3
39015716	7
39031914	7
39034245	2
39041204	7
39047566	5
39050079	7
39070826	7
39076795	3
39086031	4
39092029	7
39098478	2
39101432	7
39108833	5
39114683	7
39117928	7
39123702	4
39140909	7
39153428	7
39156645	7
39156890	4
39182214	4
39183644	7
39185780	6
39185824	3
39186261	1
39196235	7
39198243	7
39203002	2
39204347	7
39205528	3
39209188	7
39211164	7
39217067	1
39218940	3
39219279	5
39221161	7
39224023	4
39227114	7
39236435	2
39242476	2
39247016	2
39247830	5
39250293	6
39268593	7
39272152	3
39273666	7
39289937	4
39302638	7
39308067	7
39316364	6
39318236	7
39320749	1
39329778	7
39329888	2
39331779	4
39335873	6
39336093	1
39344990	7
39348295	5
39349077	4
39351380	7
39352115	7
39353984	5
39354647	1
39355250	6
39362997	7
39369548	7
39372893	7
39375133	7
39383141	7
39384194	4
39385997	7
39389610	6
39401312	7
39409892	4
39411315	3
39411673	7
39426850	3
39429247	6
39437004	7
39442062	3
39449818	4
39452803	7
39460098	3
39460553	7
39464405	7
39471762	7
39474119	7
39474521	5
39479594	7
39483418	1
39485809	5
39486142	3
39492670	7
39494259	5
39495736	7
39499129	7
39500894	2
39514950	2
39516100	3
39520272	6
39526916	1
39527444	7
39536391	1
39542260	7
39543117	5
39549749	1
39552454	3
39555034	4
39579437	4
39585849	7
39594033	7
39602801	2
39608412	7
39611551	7
39618547	7
39653215	4
39683025	7
39702704	1
39704523	1
39714045	7
39716062	7
39716097	7
39723140	2
39738704	7
39761081	1
39777446	7
39777728	7
39782010	3
39782391	7
39785557	4
39786007	7
39797803	5
39828352	7
39842621	5
39855354	7
39857870	6
39860688	7
39861263	4
39868850	7
39873946	6
39874854	4
39875778	7
39885454	4
39887122	4
39890754	7
39897065	7
39898727	7
39901268	7
39903832	7
39908039	2
39908708	7
39911962	5
39916169	7
39916725	7
39922584	2
39932747	4
39936772	1
39940513	1
39940746	3
39955719	4
39955882	7
39974581	7
39977282	7
39979177	5
39983173	6
39987882	7
39989645	7
39993081	4
39996352	7
40005943	5
40007018	7
40011347	1
40018824	7
40024026	7
40041164	7
40046796	7
40047616	7
40050956	7
40059620	7
40060082	2
40060632	5
40065649	7
40072215	7
40078611	4
40078904	5
40086817	3
40095720	4
40110775	4
40127604	6
40131224	7
40140689	7
40150438	5
40162907	7
40163573	5
40163796	2
40181586	5
40183745	7
40188686	4
40196361	7
40198799	6
40199296	4
40202371	5
40206691	6
40208014	7
40208180	3
40211234	5
40213857	1
40214174	5
40216270	2
40216926	7
40220049	7
40222006	1
40224815	4
40224937	6
40225553	5
40229056	3
40231632	4
40232766	1
40235917	7
40235977	7
40242976	5
40251317	7
40257088	7
40263617	7
40268351	2
40275599	4
40289497	7
40294203	7
40297822	4
40315327	7
40333658	1
40334148	7
40336115	5
40339216	7
40340529	5
40351836	7
40357500	7
40363727	7
40364974	2
40366120	5
40368150	3
40370308	6
40375206	7
40386544	5
40393138	7
40394586	4
40399236	2
40402283	4
40402959	1
40404470	3
40405547	5
40407520	4
40414730	7
40415836	4
40420483	7
40422518	2
40424375	5
40428805	7
40433250	7
40445389	3
40447994	1
40448939	3
40451025	7
40451386	4
40462159	1
40467776	7
40468609	5
40475219	1
40483132	6
40483707	7
40487163	7
40507624	7
40514909	7
40519383	4
40529307	2
40529364	4
40530168	3
40532326	3
40535606	6
40535723	3
40545424	1
40549470	6
40551481	7
40552194	7
40566366	7
40569633	7
40572812	7
40580327	4
40581816	3
40586864	7
40597467	7
40604998	4
40609050	2
40611708	1
40649464	5
40656174	7
40661892	4
40664606	3
40670453	7
40671521	7
40677261	5
40678316	7
40684549	4
40700392	3
40701247	7
40707561	7
40721620	4
40724513	2
40731280	3
40750070	4
40760437	4
40763343	4
40776390	5
40778640	1
40781602	6
40783434	7
40790616	5
40793116	7
40798724	4
40807725	5
40811658	7
40817640	5
40817746	4
40832638	2
40835129	7
40845383	7
40856982	4
40862410	3
40867644	7
40870167	4
40876450	7
40879699	7
40882922	7
40884621	4
40886362	4
40891074	7
40894687	5
40896871	2
40903528	4
40905369	4
40911181	6
40924526	3
40933181	4
40934287	1
40940011	1
40947953	7
40947972	7
40955496	7
40961336	4
40965800	5
40966265	5
40966300	4
40975611	3
40994649	7
40995451	7
40996211	6
40997370	7
40998573	6
41001215	7
41004527	4
41011765	2
41017941	7
41022132	6
41033354	5
41034369	4
41043077	1
41046178	7
41050727	3
41050793	2
41051289	7
41058129	7
41062030	3
41063809	7
41077899	7
41080245	7
41081257	7
41083198	7
41098979	7
41100483	4
41109930	7
41111988	7
41112117	7
41117015	2
41123709	2
41127250	6
41130244	7
41130373	7
41140806	7
41142003	4
41147124	5
41149084	7
41161176	6
41163743	7
41180607	1
41191103	6
41193663	7
41211985	7
41216066	7
41234425	7
41265838	5
41266067	6
41275530	2
41278580	4
41281229	5
41284719	2
41285542	7
41285555	6
41287386	7
41289296	7
41305887	5
41309842	5
41319716	5
41325305	4
41326747	5
41329389	4
41329414	5
41340335	5
41351663	7
41355549	6
41375448	7
41376193	4
41376381	3
41377983	5
41381025	5
41403214	4
41408331	5
41412673	4
41412695	7
41417989	7
41430806	7
41436342	1
41436643	7
41437950	7
41438374	7
41453112	7
41468942	4
41497034	4
41499632	2
41508887	7
41514618	4
41514875	7
41525946	1
41529722	2
41530172	7
41543583	5
41549442	7
41550353	7
41564877	7
41565138	5
41565716	1
41568097	7
41574292	6
41587792	2
41589874	7
41598564	4
41603933	2
41606870	3
41627014	2
41630973	7
41646869	4
41663960	3
41670617	2
41670968	4
41674666	7
41676689	3
41676730	6
41684905	7
41755173	3
41759568	2
41802670	6
41820185	3
41825305	5
41831567	7
41832654	5
41833414	7
41835029	5
41867755	7
41876529	2
41879089	1
41881436	7
41882341	7
41884688	7
41891527	7
41904065	3
41909799	7
41915224	7
41929254	4
41965326	4
41973768	4
41980431	1
41988030	2
41988920	4
42004543	4
42011709	5
42061456	7
42063488	7
42064035	5
42076636	7
42083843	1
42096783	7
42106569	7
42109324	5
42109764	6
42112397	1
42114555	3
42134149	4
42139295	1
42149929	4
42158770	4
42164227	3
42164883	4
42165804	7
42171609	7
42179875	1
42182464	7
42183306	7
42183921	5
42187292	7
42196698	7
42203761	7
42204791	7
42212582	7
42214169	7
42219714	1
42220816	1
42239927	7
42247234	7
42256756	5
42258327	7
42265886	2
42287628	1
42305281	7
42317571	4
42338946	6
42356825	5
42400757	6
42400848	5
42412174	7
42419635	4
42421244	7
42422946	5
42425095	5
42432739	4
42439141	6
42439147	3
42442540	2
42444740	1
42452826	1
42454183	2
42456455	7
42460771	2
42465889	4
42467554	4
42482140	6
42498486	6
42511313	4
42518162	7
42527297	2
42529104	7
42542402	7
42542855	4
42554588	7
42576319	5
42592950	2
42600138	7
42606755	5
42613496	1
42617458	7
42617904	1
42642245	7
42643508	5
42643734	3
42661899	4
42666379	4
42674959	5
42691515	7
42695159	3
42701876	5
42702868	5
42709843	7
42712699	7
42713842	7
42715504	7
42722170	7
42725328	7
42731441	4
42735789	7
42757670	3
42777161	1
42781628	3
42789580	5
42790356	5
42793199	4
42801087	6
42801552	1
42818482	6
42819563	6
42821812	3
42836509	2
42840875	4
42843269	4
42844686	7
42861418	5
42872662	7
42875980	7
42879212	6
42890500	1
42893189	7
42906874	7
42907839	7
42909529	4
42909570	7
42920977	3
42921919	5
42941262	5
42946135	5
42946279	5
42950476	1
42951240	7
42952719	3
42952889	3
42957190	7
42970941	1
42973664	1
42973799	6
42980293	5
42995401	3
43004289	7
43011844	7
43015702	4
43017053	1
43018938	7
43039474	2
43054582	6
43064139	7
43078722	4
43079926	6
43083001	7
43086803	5
43092900	6
43097660	4
43111609	3
43128551	6
43137866	1
43142230	6
43142443	4
43147379	3
43147881	4
43149886	7
43162537	4
43167095	2
43170008	5
43170400	7
43170429	3
43172122	2
43178691	6
43184541	4
43191169	3
43203572	3
43204688	7
43210597	3
43252192	5
43261073	5
43271930	4
43274368	4
43282986	3
43286554	1
43291581	4
43297113	4
43303538	7
43307898	5
43316601	1
43321856	1
43323116	4
43325582	5
43329619	7
43333392	4
43337307	7
43342183	1
43343942	3
43344143	5
43351497	7
43369891	3
43371974	5
43378320	6
43379891	7
43386466	7
43388075	7
43396199	5
43399890	5
43412724	7
43415331	4
43421341	7
43427009	5
43437612	5
43470184	4
43489291	7
43493466	7
43496454	7
43541331	7
43545236	4
43545277	1
43556518	6
43570020	7
43571676	6
43603120	2
43610698	4
43621517	4
43623490	5
43624106	4
43625070	2
43627138	2
43642340	7
43655883	5
43656995	5
43668063	4
43670979	7
43678025	4
43692687	4
43693202	7
43696894	7
43706435	6
43707575	2
43719155	4
43726359	6
43729874	1
43744262	5
43746873	6
43764017	2
43764080	7
43773043	6
43776856	3
43777340	3
43778069	6
43788267	1
43789106	7
43789586	6
43790318	3
43798555	7
43801389	7
43805542	4
43809843	7
43814534	4
43819237	7
43819535	7
43822312	3
43823987	1
43835284	4
43837558	1
43838193	7
43838224	7
43840493	2
43843552	1
43846411	6
43846496	7
43854080	4
43855252	4
43857614	7
43860973	4
43863454	4
43863759	4
43876985	5
43878233	7
43889966	7
43914119	4
43914901	4
43919353	7
43921985	4
43929667	3
43937851	4
43939374	2
43958321	6
43958588	4
43965135	7
43971312	7
43971670	6
43976165	4
43976304	7
43976809	7
43981346	5
43987393	7
43988075	7
43989567	1
43992445	5
43994676	5
43995602	3
44000883	7
44001458	5
44007145	6
44007182	5
44011725	5
44013937	4
44017125	3
44031407	7
44034973	4
44036440	3
44042830	7
44044734	6
44051655	1
44051670	5
44065544	7
44067268	7
44067642	7
44069687	1
44069873	7
44075452	4
44081641	4
44082772	7
44090180	6
44102715	4
44105037	5
44106102	3
44113506	1
44115727	4
44121407	4
44121916	7
44122655	7
44127873	1
44129987	5
44142085	4
44144030	6
44145246	4
44147684	7
44164564	7
44172603	1
44183168	6
44187761	2
44190061	6
44190943	7
44198078	4
44209680	7
44210443	5
44229214	7
44244640	2
44266160	7
44275402	5
44277340	7
44281176	7
44283853	7
44289791	4
44301119	7
44301440	4
44301967	7
44310886	7
44314992	3
44324175	7
44324769	7
44327169	3
44329723	1
44341781	1
44352688	6
44355450	6
44359660	7
44369307	4
44376750	4
44388163	2
44388323	7
44390830	2
44420013	1
44439861	4
44454203	7
44489502	1
44491757	3
44495954	7
44506582	7
44522272	7
44528461	5
44535422	7
44540854	7
44541504	4
44542076	7
44545783	4
44546471	7
44547291	2
44548058	1
44548733	7
44550414	7
44551476	5
44561937	7
44568180	7
44576646	2
44580667	4
44582596	1
44583998	4
44585370	5
44586124	4
44589753	1
44591801	3
44594368	7
44598339	7
44603438	4
44608270	7
44610167	7
44617877	4
44625586	5
44627612	7
44627773	3
44628329	7
44632243	3
44635611	4
44636377	2
44648507	6
44648912	1
44649820	2
44651159	4
44664837	4
44665264	7
44675361	7
44678176	7
44683096	6
44684573	6
44689181	3
44699706	5
44700566	3
44702445	7
44706567	6
44709014	6
44720242	4
44723120	7
44729978	2
44734712	7
44744655	7
44749669	7
44753031	7
44754445	4
44766719	4
44769414	3
44771309	4
44775908	7
44775930	7
44800362	4
44805851	7
44808621	2
44811741	7
44823161	5
44833336	7
44855717	4
44883580	7
44885748	4
44904830	2
44953518	5
44964140	7
45002797	7
45012922	1
45020943	4
45028197	3
45037408	4
45041847	5
45044247	5
45049490	4
45054476	7
45056361	5
45069974	2
45072232	6
45072443	1
45074821	5
45075738	7
45116190	5
45126214	3
45132136	4
45153961	4
45162506	4
45197230	5
45197444	6
45208672	4
45223268	7
45241762	4
45254536	7
45265041	5
45287095	7
45298531	5
45303576	5
45315087	5
45321021	5
45346365	7
45378139	7
45382704	2
45385861	7
45399831	4
45401559	2
45406155	5
45407057	1
45407742	4
45408823	7
45419127	7
45422529	7
45424144	4
45425194	5
45437088	4
45437417	6
45439013	6
45440226	7
45447046	7
45451787	6
45459936	4
45460119	7
45462839	4
45464925	1
45470005	7
45472076	4
45475657	5
45476747	6
45481437	2
45493077	2
45504654	1
45513491	4
45517349	4
45520148	7
45520805	7
45523262	7
45537512	3
45538385	3
45549566	7
45552497	4
45557784	7
45563713	7
45565500	7
45578610	2
45579361	1
45582776	4
45589612	7
45590045	7
45596797	5
45597161	4
45605571	7
45605791	7
45608216	7
45613111	5
45623931	4
45626397	6
45628590	3
45639381	7
45645228	3
45645416	5
45653958	7
45655328	2
45657521	6
45661724	7
45662714	6
45662761	7
45674281	7
45676075	7
45683084	1
45689216	1
45704846	7
45705684	6
45734556	3
45736214	2
45747122	6
45750279	4
45751228	7
45752582	7
45753688	2
45755884	5
45757995	2
45759129	3
45782770	7
45784736	7
45789439	4
45789467	2
45790526	5
45793665	6
45796555	5
45814459	5
45830943	6
45831606	4
45832784	7
45843512	3
45844050	5
45845520	5
45856764	1
45865258	4
45884227	5
45889835	7
45890366	7
45893668	5
45897856	1
45899681	7
45902722	3
45917560	4
45923438	3
45923670	2
45924198	7
45925872	1
45933824	7
45944216	7
45945554	3
45950188	1
45958447	6
45959582	5
45964919	6
45964988	2
45971447	7
45982053	3
45983998	5
45984221	7
45985632	3
45989502	3
46014635	5
46014908	7
46028590	5
46037449	4
46041763	4
46043905	1
46051080	5
46054219	2
46065595	4
46083926	7
46104365	4
46107233	7
46122599	4
46124864	4
46126695	3
46130158	3
46130773	1
46133896	7
46140242	3
46146651	1
46147942	5
46150308	4
46156493	4
46160179	4
46162626	1
46165296	4
46171190	3
46173433	4
46185666	2
46187705	5
46189760	4
46190083	3
46192135	3
46198302	3
46208864	4
46209646	7
46215942	4
46224000	6
46239642	7
46247047	1
46254744	4
46259136	4
46263584	3
46285849	4
46299568	1
46303671	7
46303925	4
46306275	5
46308503	5
46312411	1
46313975	7
46319897	7
46321022	2
46328810	7
46337757	3
46340220	7
46361027	7
46378268	7
46388422	6
46390269	2
46399134	7
46399521	4
46399530	5
46406058	4
46412131	5
46416642	7
46417981	3
46418172	7
46423862	5
46425021	1
46435593	1
46447694	4
46453509	7
46455520	2
46457552	4
46466251	7
46467071	7
46474611	3
46475635	4
46477457	7
46479867	5
46485666	7
46488940	7
46489163	2
46493153	2
46502801	7
46505854	6
46506256	7
46515442	7
46521377	3
46524682	7
46527415	3
46534726	3
46545159	7
46548611	7
46549500	4
46551059	4
46555294	7
46556390	7
46557229	7
46558052	7
46562541	7
46563678	5
46564982	5
46565881	7
46566123	3
46566682	4
46568293	1
46571080	4
46577099	2
46577282	4
46578896	7
46579377	5
46585952	4
46588987	3
46589634	7
46593608	6
46594874	5
46595892	6
46687193	2
46687950	3
46694831	5
46699430	5
46700818	6
46703017	3
46707224	4
46718191	7
46725568	3
46730591	7
46736915	7
46737641	2
46737757	4
46747286	7
46753330	6
46753632	4
46761872	4
46763788	7
46763795	7
46768441	7
46772525	3
46775057	4
46776691	7
46777567	4
46780898	7
46791243	7
46796426	6
46796470	7
46804651	4
46806891	3
46807306	6
46809232	7
46810350	7
46825568	4
46831053	7
46835678	4
46858693	4
46863204	1
46866933	2
46867348	7
46871347	7
46876823	7
46879383	7
46880530	4
46881265	7
46892471	7
46894560	4
46896511	7
46897281	7
46898745	1
46900143	4
46913655	7
46917362	4
46917500	4
46921518	4
46923573	7
46927041	7
46929847	5
46930415	5
46938939	4
46944851	7
46966990	1
46972224	1
46979154	3
46990153	5
46993012	7
47001114	3
47001170	7
47011132	2
47023928	6
47045803	6
47046504	3
47046761	7
47053566	2
47055906	5
47056129	3
47060377	1
47061131	7
47063185	6
47068787	7
47070204	4
47071039	2
47071291	7
47078934	7
47085786	7
47086053	7
47087907	6
47093495	3
47094837	7
47096650	3
47100988	2
47114136	4
47116102	1
47116655	4
47121308	7
47127085	6
47129401	7
47131154	4
47133768	3
47134195	4
47138141	7
47161379	7
47180191	5
47183329	7
47190385	7
47191196	6
47218188	5
47281140	5
47286462	5
47295861	7
47298484	3
47317017	6
47317158	4
47320048	5
47324666	3
47328069	2
47328584	7
47329467	7
47333856	4
47335948	7
47342096	7
47343340	5
47343406	5
47345181	7
47349004	7
47354047	3
47355388	3
47362519	4
47364244	7
47372701	2
47374567	1
47375654	4
47376729	4
47383530	7
47391227	1
47404183	7
47404281	7
47414485	2
47414585	2
47422596	7
47428989	2
47439231	4
47439510	7
47443736	6
47464741	7
47475435	7
47491278	4
47495223	5
47500605	7
47501023	7
47501456	5
47503665	1
47525336	7
47531173	4
47532326	4
47533651	1
47534468	4
47537007	2
47539564	7
47545762	3
47555228	4
47556522	7
47561291	7
47568275	6
47575931	6
47578341	5
47586094	3
47604699	4
47606731	5
47610448	4
47622624	7
47624447	4
47624899	5
47630532	5
47632552	3
47632665	7
47636897	3
47640349	6
47646350	7
47654103	6
47654907	7
47673710	6
47678561	7
47682092	2
47682312	2
47682418	2
47685591	6
47688164	7
47700652	4
47711937	1
47800093	5
47811214	3
47811579	7
47811604	4
47817256	4
47820218	7
47820708	7
47823237	7
47831939	7
47832599	7
47833727	4
47833912	7
47834883	2
47835134	4
47835756	6
47839558	7
47846435	7
47859686	3
47867656	7
47869368	7
47877257	7
47881922	7
47887008	7
47889443	5
47890637	4
47892321	5
47895434	6
47899210	4
47900539	5
47905446	4
47985491	5
48107404	1
48426153	2
48595500	7
48620724	4
48627934	3
48675360	7
48693854	1
48740724	4
48756055	3
48810178	7
48918974	1
49102591	1
49203524	1
49348763	2
49363683	4
49378765	5
49419314	7
49542841	7
49590615	1
49689158	7
49712387	3
49773035	4
49774763	5
49775121	4
49775731	5
49796252	4
49797706	4
49829772	7
49830021	4
49831249	7
49833860	3
49847334	7
49864226	7
49870868	7
49884983	1
49890851	7
49893465	6
49895890	4
49902447	5
49909506	4
49916958	3
49917976	7
49920077	7
49939046	2
49948999	5
49951440	3
49953837	7
49956322	7
49964660	7
49965561	5
49968643	1
49970858	7
49971688	7
49975718	7
49976579	3
49983528	7
49988335	7
50041871	3
50045257	3
50055182	1
50068408	5
50072413	7
50079438	5
50081021	2
50082268	2
50088074	3
50098495	1
50100995	7
50101897	7
50109559	6
50114385	7
50115026	4
50116270	2
50142788	4
50147500	2
50149398	5
50151544	3
50151974	1
50154534	7
50161226	2
50164779	4
50167981	4
50169149	1
50171358	7
50179469	6
50189306	7
50189937	6
50193185	6
50193220	4
50195136	7
50198096	7
50199855	4
50204539	4
50205922	7
50214768	5
50215123	7
50217175	6
50218444	7
50218541	7
50218620	7
50220429	4
50221221	7
50224196	7
50228246	5
50232942	7
50244890	7
50249235	1
50318130	5
50348757	7
50352119	7
50352866	4
50374933	7
50377478	2
50391008	7
50397801	1
50401439	7
50409035	7
50418054	7
50420175	7
50420335	4
50423716	7
50429295	4
50429553	3
50446784	7
50448993	7
50449021	2
50456734	3
50458942	2
50461974	5
50467802	7
50482212	3
50484842	3
50499686	7
50510540	7
50516770	7
50530574	5
50540215	7
50545999	7
50546216	2
50552625	7
50563868	5
50564013	7
50565125	7
50580798	4
50581254	5
50585376	7
50606302	3
50606371	4
50609500	3
50613967	4
50619921	1
50623112	5
50625915	6
50635512	5
50649681	7
50656457	3
50656583	2
50660369	4
50667120	1
50669809	4
50669812	7
50674537	6
50674638	7
50680519	3
50686042	6
50689098	5
50713154	7
50720075	7
50723112	7
50725239	2
50727982	3
50755637	4
50774996	3
50781427	7
50783305	7
50788778	3
50791109	4
50801260	7
50803066	3
50803386	7
50807185	7
50820109	7
50820775	6
50825755	4
50830099	1
50830577	7
50832943	1
50836471	4
50839490	5
50840388	7
50841060	2
50848044	4
50852414	7
50862741	4
50863309	1
50866950	6
50871923	1
50872633	2
50886438	7
50893487	4
50903540	7
50915881	4
50924291	7
50924847	7
50934432	7
50939103	2
50944032	3
50948767	4
50960686	3
50963960	7
50964076	4
50966909	1
50967045	3
50970177	7
50976589	6
50986632	7
50991056	6
50999620	6
51000986	3
51002431	2
51002479	2
51005601	7
51013763	3
51024237	5
51024429	2
51031705	6
51040941	4
51043392	7
51044491	7
51047601	7
51061952	6
51062260	7
51075759	1
51090302	4
51110706	4
51124168	6
51129148	7
51132016	5
51138849	2
51141595	1
51171144	4
51173661	4
51174233	4
51192894	3
51193098	4
51197839	2
51198473	5
51204169	3
51206343	1
51213276	6
51218645	7
51218969	5
51220059	5
51221347	2
51233194	4
51242983	2
51247727	5
51265185	1
51266460	2
51283309	7
51288338	7
51293195	2
51296830	4
51297182	4
51306905	7
51306946	2
51307964	7
51312243	6
51336999	1
51344425	6
51344438	7
51350360	7
51356615	6
51368515	7
51373702	3
51374211	2
51375895	7
51377462	6
51379407	5
51386441	7
51398988	7
51404153	6
51431174	1
51438846	6
51446571	5
51454406	7
51466875	7
51470032	3
51471189	4
51477893	4
51479325	1
51483774	3
51487720	5
51494631	3
51495690	2
51498743	5
51499736	7
51500845	4
51517398	3
51525409	3
51529496	4
51536050	7
51547620	6
51551233	1
51554208	4
51563718	7
51590305	6
51601389	4
51605375	7
51615969	3
51623342	3
51631111	6
51632899	2
51633895	5
51640765	4
51652760	5
51662050	7
51676061	4
51693202	3
51703704	7
51706877	2
51714178	4
51716462	6
51726748	7
51749593	3
51752499	1
51754130	1
51762185	4
51784735	6
51796331	4
51805215	1
51812526	7
51827084	3
51854196	5
51869077	4
51873853	4
51875954	7
51881433	6
51886161	7
51892517	3
51894113	3
51894967	1
51912504	4
51933263	5
51936179	3
51941557	3
51942201	2
51943731	7
51946838	7
51949835	4
51950856	2
51951177	7
51952616	4
51972769	7
51989077	4
52004961	3
52011106	7
52037687	2
52053941	2
52057840	5
52069002	7
52073492	4
52074855	1
52081063	2
52085279	6
52086303	3
52091688	3
52102413	1
52103585	7
52119846	7
52125849	4
52127744	1
52144900	7
52147187	6
52148362	1
52156747	3
52161371	7
52167252	4
52167362	1
52177648	1
52178471	3
52187692	4
52197270	7
52198741	5
52210028	7
52213471	2
52213694	2
52220097	7
52220100	4
52226870	6
52238661	7
52245525	3
52259813	7
52263539	7
52264309	7
52267048	7
52270331	4
52270727	7
52276580	6
52278873	4
52283441	4
52289564	3
52295630	7
52317914	6
52345236	4
52348494	7
52353945	6
52366008	3
52367212	4
52372417	4
52382797	7
52388468	4
52388559	5
52394493	5
52401942	5
52650621	7
52750910	1
52760536	5
52796636	5
52838947	7
52855472	7
53060828	7
53071651	4
53158092	6
53192800	2
53195957	7
53228910	3
53356725	5
53404358	1
53420657	3
53461768	7
53463326	7
53470332	5
53471657	7
53529887	7
53535642	7
53540848	5
53561026	7
53587111	7
53588889	7
53594497	6
53601173	6
53616463	7
53628087	7
53640131	6
53667994	3
53679449	2
53685314	4
53685939	3
53695672	3
53743286	3
53752905	1
53769986	3
53770363	7
53775550	5
53781038	6
53793583	5
53802366	7
53815633	6
53817622	3
53836783	1
53847609	1
53847788	5
54296526	7
54539670	7
54695260	5
54782254	7
54887268	2
54956280	4
55019134	3
55072302	4
55077284	4
55101607	7
55404252	3
55485456	6
55613162	3
55672685	7
55685695	7
55692537	2
55695399	3
55699427	4
55715339	3
55721606	5
55722225	3
55722508	1
55722718	7
55723296	7
55724006	6
55740289	6
55740434	2
55755636	4
55775918	4
55804428	3
55805298	4
55818292	2
55829671	7
55833708	4
55846909	1
55849808	1
55851074	5
55853355	2
55866867	4
55868686	2
55870266	1
55875984	5
55903080	4
55924930	1
55937380	3
55939083	6
55945768	7
55961768	6
56086028	1
56086053	7
56086735	5
56116636	1
56245671	4
56248250	7
56264122	7
56267932	7
56278743	4
56281699	6
56300727	2
56310620	3
56312248	7
56330466	1
56335521	4
56361703	7
56366057	7
56379437	5
56387746	7
56388205	2
56390401	4
56390486	7
56401629	6
56403263	7
56406200	7
56407315	7
56409295	7
56438979	3
56443459	1
56456098	3
56459117	7
56475975	7
56492195	7
56503140	4
56506338	7
56507450	2
56509562	4
56528788	5
56535665	7
56536806	7
56569362	3
56580018	5
56610488	5
56617758	6
56660946	7
56661530	7
56667581	1
56670273	7
56689047	5
56698309	7
56701767	7
56707067	7
56707595	2
56713219	7
56731273	4
56740563	7
56754923	4
56758571	7
56764992	4
56773088	1
56787137	5
56796223	2
56808572	7
56818553	5
56819030	5
56837676	7
56838197	7
56858948	7
56890015	2
56894853	5
57086298	5
57086939	5
57086958	7
57093370	5
57110705	2
57111406	7
57153277	3
57156149	5
57163063	2
57164408	7
57192390	7
57202807	7
57212257	5
57213253	5
57244481	6
57251113	5
57252696	7
57266704	7
57269337	1
57270631	3
57272595	5
57832163	2
57869387	5
57884580	7
57886525	2
57887951	5
57888105	2
57899242	5
57908717	7
57913549	2
57914017	7
57915820	2
57927934	5
57934208	5
57940306	1
57981159	4
57982277	1
57982353	7
58011167	7
58012870	1
58014287	7
58025584	5
58035870	7
58229998	7
58257104	7
58374125	4
58377568	2
58435091	7
59483277	5
59666944	5
59770032	7
59829157	5
59924595	5
59986830	7
60242107	7
60601115	7
61443131	7
